title,link,condition,processor,ssd,gpu,release_year,screen_size,ram,model
"Dell Latitude 3410 Laptop PC Computer Core i3 14"" 16GB RAM 256GB SSD Windows 11
Opens in a new window or tab",https://www.ebay.com/itm/254648554969?_skw=laptop&itmmeta=01K89ECG17VYSW77SRR7X76J5W&hash=item3b4a3c95d9:g:23IAAeSwixlo-eMf&itmprp=enc%3AAQAKAAAAwFkggFvd1GGDu0w3yXCmi1cbbgO8rkwGaSowxA1ZKmYc6ccA9pmH%2FnkbfKWxFDARhcv1dCb6ACatJqOdvebFTjvqx5thrhP6kn7JGt2dc%2BWgj6Xu03dGd1gkOEPtxY8q5pVJyERp1sIiPgohPUipjqqMabwx5%2BF4B3PXVj2%2BjHtIplkvwp3DWlWZKciOHsF9lmCBu3kzgIge8Xkx0FUinyuchBBlfLFSNgBcAVUjcOdnfCeAMZWBT9pzCH3N%2Bt7a0w%3D%3D%7Ctkp%3ABlBMUJCBsq7CZg,Good - Refurbished,Intel Core i3-10110U,256 GB,Intel UHD Graphics,2020,14 in,16 GB,Dell Latitude 3410
"Lenovo ThinkPad 14” Business Laptop Intel Core i5 16GB RAM 512GB SSD Win 11 Pro
Opens in a new window or tab",https://www.ebay.com/itm/256942721121?_skw=laptop&itmmeta=01K89ECG17B6T0N78BVNB7PYVJ&hash=item3bd2fac861:g:9jYAAeSwRglo9ywy&itmprp=enc%3AAQAKAAAAwFkggFvd1GGDu0w3yXCmi1dAIWcAqagTAAHA9BDV0aVDb5PnQA1ay8XD2msVimaHJpuq3x1DxbH7j60mgqyml9%2B396L7cC%2BJQPll96bDR7Yhp4FRROp%2BEdh9NxH10Zmjn96vVLa79PU0tRkwSCf9t5DvpPDDg0WQadBDQIp8FcCGoibL3uEjIcKpS7tnJggX%2BvmkRQovi0Wc9QBjna9kGQeMmGNAwAhKPm8REVD%2FPcLpWX4aaPV3hJg7WppepvA7fQ%3D%3D%7Ctkp%3ABlBMUJCBsq7CZg,Good - Refurbished,Intel Core i5-8250U,512 GB,Intel UHD Graphics 620,2018,14 in,16 GB,Lenovo ThinkPad T480
"Lenovo ThinkPad T480 Business Laptop 14” Core i5 16GB RAM 512GB SSD Win 11 Pro
Opens in a new window or tab",https://www.ebay.com/itm/256629770691?_skw=laptop&itmmeta=01K89ECG17ZYY7PW8N9KTGSR1X&hash=item3bc05389c3:g:~U8AAeSwkQ1o-bOq&itmprp=enc%3AAQAKAAAAwFkggFvd1GGDu0w3yXCmi1foB5ZkMw%2FkuVmZDgrZ4tPxqweM6rP2%2FItO4v%2FBn6skeAyTAn9%2Fc%2FYa7aFo49v1HUv8LAxzoEXzlkJKt6L2kOtTWj5Hx6KEkP9iwuuX6ykLrzSmiPCHct%2FbneFTuUppaOnG8NtWnCa14X7Oc5hXIDdbp8rZzTUPoaPoNJLEYkvnrNE%2BfWgJyhT48I2fbQFLiqdfVm3vpHlFgDbb8G%2FhsnhPOPycGQWlHu0oDyhJOCgXyA%3D%3D%7Ctkp%3ABlBMUJCBsq7CZg,Good - Refurbished,Intel Core i5-8250U,512 GB,Intel UHD Graphics 620,2018,14 in,16 GB,Lenovo ThinkPad T480
"Lenovo 100e Gen 2 11.6” Laptop Computer Intel 4GB RAM 64GB SSD Windows 11 Pro PC
Opens in a new window or tab",https://www.ebay.com/itm/266791101115?_skw=laptop&itmmeta=01K89ECG17WE8NVX3ER7TYXS99&hash=item3e1dfd22bb:g:JloAAeSwt6Roppaz&itmprp=enc%3AAQAKAAAAwFkggFvd1GGDu0w3yXCmi1e9szlWaw%2FpyUq7I60%2BZz7HVHOaHtiqvMxWG8PyqxcMJIHEtT4q6Mggm6kCxeI12v9chpFjSZn9UuShghg4XTWvrJUCNEAUtmPFeMQILxdmU9PxxJkzIIPrubxuVMGJnNlYqyYCWLUsgSVGqB8rkmV49lFV%2FwrFxkFEznnhuoauHZVN%2BnHY40vfzsdp5%2BHJoZCTJe%2FJgu7PQnRnl1vz8OkmnzN1ktR2767Kyunu%2BNF7PQ%3D%3D%7Ctkp%3ABlBMUJCBsq7CZg,Good - Refurbished,Intel Celeron N,64 GB,Intel UHD Graphics 600,2019,11.6 in,4 GB,Lenovo 100e Gen 2
"Dell Latitude Laptop Computer PC Intel i5 Up To 32GB RAM 1TB SSD Windows 11
Opens in a new window or tab",https://www.ebay.com/itm/286393092388?_skw=laptop&itmmeta=01K89ECG17EV8AF374TD2SNJ7J&hash=item42ae5bc924:g:x2oAAeSwFyRo-PIG&itmprp=enc%3AAQAKAAAA4FkggFvd1GGDu0w3yXCmi1d1pm5LGV3qRY4q0NGF3eS2lTSq3SWGZoqfx9LlwwMQ06HTMCsjLQSbM71h1keBUDM9MN14ElISEJ5CBYi2%2B8towl58785%2FRdGu1J6Mz9FIW9RQSn6eSLH4BT9OK4mNFIr0VyaVukE7me3NJs2bFuhInIT9x54vcwSxJvhTucFuInAhwT%2FL8c572RN295Tk8kH17zTb7nT%2BgP2qaQkI0G50uzjCmN%2BLRbzCXnevQc1Y6Ljg9uEWacQWDSCryByjP6WGeTrSjOYzUD1geYhV5BdS%7Ctkp%3ABk9SR5CBsq7CZg,Good - Refurbished,Intel Core i5 12th Gen.,1 TB,Intel Iris Xe Graphics,2022,14 in,32 GB,Dell Latitude 5430
"HP EliteBook 14” FHD AMD Ryzen 5 PRO Laptop PC Up To 32GB RAM 1TB SSD Windows 11
Opens in a new window or tab",https://www.ebay.com/itm/256879744174?_skw=laptop&itmmeta=01K89ECG1709MPTVY65D7R1HAA&hash=item3bcf39d4ae:g:-UoAAeSw76xokNBn&itmprp=enc%3AAQAKAAAA4FkggFvd1GGDu0w3yXCmi1fyIOyX48EGcv06%2Bx5yR4j%2BYgBRxMvj4viLWiw2aSMvGhtiuks%2BwkVhpkWmHJ58EFVivxb32pTLq4QaYesJgZXpYQrFG2xqyPqVlCkFBE2NZsjSGmlSo1VGXmIEOiFtnG%2FgcFEPeLG6y7OTEAxLarPakemjxJRyMeSVRhqhmeOQSpLC%2BI2y7t25u3ZfnIU3TjTm0xXD7Sm%2BBGIOgfDYcBsvuMRJKxYHBGZ2kqqktztb1%2FjZlar%2BpU%2BWiRni2ldUWkH6D6o%2Bb6Pb34xeQcDqKeHL%7Ctkp%3ABk9SR5CBsq7CZg,Excellent - Refurbished,AMD Ryzen 5 PRO 5000 Series,1 TB,AMD Radeon Graphics,2020,14 in,32 GB,HP EliteBook 845 G8
"Dell Latitude 5400 Laptop PC 14"" HD Core i5 16GB RAM 256GB SSD Windows 11 HDMI
Opens in a new window or tab",https://www.ebay.com/itm/265752692346?_skw=laptop&itmmeta=01K89ECG17QYSSWPBM8STV511K&hash=item3de018467a:g:Xc8AAeSwR05o8I0B&itmprp=enc%3AAQAKAAAAwFkggFvd1GGDu0w3yXCmi1chS7yI%2FaF4pgdxHlLdaAxaAE0mhrAP3gWV5lkElhS6fBocNktHSYtjw8ehghLqb6TchxgfocfBBRwotxJkw0xxn69qc1aA0WnZWBruLmnROPxW%2Fq3pi%2BKyODHtPOcK06LH24pPb08RTqpFiK6716PULJ8HFG69m9FanlFy5bHU6sJgseON9smqDUi2W1Qo0QC%2Fwc63KHUja3fIFBd8mfevnKq4H3uFKqOapD150DH1jA%3D%3D%7Ctkp%3ABk9SR5CBsq7CZg,Very Good - Refurbished,Intel Core i5-8365U,256 GB,Intel UHD Graphics 620,2018,14 in,16 GB,Dell Latitude 5400
"HP X360 11 G5 11.6"" Touch 2in1 Laptop Intel Pentium 8GB RAM 128GB SSD Win 11
Opens in a new window or tab",https://www.ebay.com/itm/285872318366?_skw=laptop&itmmeta=01K89ECG17YK3A18PT2RDR80X3&hash=item428f51679e:g:O74AAeSwUSpo11Xv&itmprp=enc%3AAQAKAAAAwFkggFvd1GGDu0w3yXCmi1f5VzAYqtxDGCjjU7GEUR0cgt7P1fCS3iIO2P%2B2LAdRyancw7sMVzR5dbby6oC5khhRq%2BhDz9hiJDF4yCXYkyUu2zRNIOHIxGkVrs7PzKOOnzdycuQnX%2FXimJ%2FFn3BquYuNOVSJB9JzGCxmIZ5e%2Bt3W%2Bv92NNcUtnAppEN%2FmndeiuEySwNZVgTZVG8zKPEc2xRx3AUey6M9BT6CKdeom75BU9wZzu%2F6eCqCwqAXjuX40w%3D%3D%7Ctkp%3ABk9SR5CBsq7CZg,Excellent - Refurbished,Intel Pentium Silver N5030,128 GB,Intel UHD Graphics,2019,11.6 in,8 GB,HP ProBook X360 11 G5
"ASUS - Vivobook 14 14"" FHD Laptop - Intel Core i5 - 12GB Memory - 256GB SSD -...
Opens in a new window or tab",https://www.ebay.com/itm/326645187722?_skw=laptop&itmmeta=01K89ECG17J9HY3ZYTJCSKWQ2N&hash=item4c0d92048a:g:tyoAAeSwx7do8Lrk&itmprp=enc%3AAQAKAAAAwFkggFvd1GGDu0w3yXCmi1cmxWbCuAPydoA1aW0AYG1X--kbauEO33wLdoAU%2B53f8KIG%2B%2BTNVh%2Fgc7k%2BE5TKnKOAIePKgMSenKCC8xobTWg8QqEmlGvF6LfKY38phWjH5TSmHNE%2FaJgszacHL46MMTgxwdQBbcQUQcEFBmc636uBjF%2Frwh992GmQd2Cu%2BvhNCR78m05eS9ZcOd6sXnT5mpOgFa%2Bo1z9HquaHEHgVDIBqts34t1qCGJP1%2FeY9Jn8GgA%3D%3D%7Ctkp%3ABk9SR5CBsq7CZg,"New: A brand-new, unused, unopened, undamaged item in its original packaging (where packaging is ... Read more
about the condition",Intel 13th Generation Core i5,256 gigabytes,Intel UHD Graphics,,14 inches,,
"NEW LISTINGDell Latitude 5400 14"" Core i5-8365U 1.60GHz 8GB 128GB SSD W11 Laptop (A9299)
Opens in a new window or tab",https://www.ebay.com/itm/376643997298?_skw=laptop&itmmeta=01K89ECG17NZJ6J2SWP40N9JHJ&hash=item57b1bb4e72:g:bzMAAeSwY~po-kZT&itmprp=enc%3AAQAKAAAAwFkggFvd1GGDu0w3yXCmi1fX%2B1Rj8T2fwlGRIBbvuv9whhhg%2BxY18tuvRnvhFmwjV74rPGpTmYaauImYurcCn1Xnad0mooj01LdoeVNCZ9E6QFx%2Fe4qTEI%2BoZg3WA6XmK1%2FlBwuZhv0OcrBvbLyNtYCGc4WoUpouHwWifBmbjcI3cDouTKVidUkWl2KQsLag0wrrfcfhM23xh15m5SmlU4chA7DQl8YjdZfYJ%2FlcoqLXbTUhQCg4V2Xu1QJvVofPJg%3D%3D%7Ctkp%3ABk9SR5KBsq7CZg,Used,Intel Core i5-8365U,128 GB,,,14 in,8 GB,Dell Latitude 5400
"Dell Latitude 3301 Laptop 13.3"" Intel Core i3 Windows 11 PC 4GB RAM 128GB SSD
Opens in a new window or tab",https://www.ebay.com/itm/264714576220?_skw=laptop&itmmeta=01K89ECG18EZBPJXAMACS2FRA5&hash=item3da237e15c:g:ssIAAeSwp1ho8eEp&itmprp=enc%3AAQAKAAAA4FkggFvd1GGDu0w3yXCmi1f5cP7PFExwoceISw3WplC2qOi2oiHcCHhykzlaMcrp9JFWEeMbAdkLh0Q2PVAxAgRkTQNpB%2BgOOLzmHKMwqVgZZwdfshadaBmVOZlKnW3%2FsUl%2B8MmwzWhE19baBq3EJ9nVPc3UA6lgAg5poIg7OqaXyIaAjDYt2UA8jLOvlR2QyqSDcrQpFGo5qEgt2OSVHhbIubQkGq1NmOAQkaAC2TiJZVjHu5MlG5q3e%2BOmIzfNqeArOFuDfT2bRVS5DSGJpOV7M0W8D2zOv2uqQCUCi8Bh%7Ctkp%3ABk9SR5KBsq7CZg,Good - Refurbished,Intel Core i3-8145U,128 GB,Intel UHD Graphics,2017,13.3 in,4 GB,Dell Latitude 3301
"Dell Latitude Laptop PC 11.6"" HD Intel Celeron 4GB RAM 64GB SSD Windows 11
Opens in a new window or tab",https://www.ebay.com/itm/254170214367?_skw=laptop&itmmeta=01K89ECG18WE3GNS3Q17T132YX&hash=item3b2db9afdf:g:p2gAAeSwIcBo3h2G&itmprp=enc%3AAQAKAAAAwFkggFvd1GGDu0w3yXCmi1eiw%2BylSIPDjeO1gH%2BSHaPaSJfwsiCKXlRiIKrLm7qh2NModQBz1Ujk1p3%2F2jicCW9I8L5z7BIRurwbBNuaAXGb5uIZGg7rVNFW9072OwuDINZIP6M6wv%2F35tOMJGEreTGphLUPBBArY%2B3C4u28jxHgMMwe%2BJRkZQ27E12tZaeBrK%2F1k18wFHR%2BPiyjvZySCr8nuTpv76J9tekTF92ypFFANRj7Co9WSdl%2FHWUFA58b2Q%3D%3D%7Ctkp%3ABk9SR5KBsq7CZg,Good - Refurbished,Intel Celeron N4120,64 GB,Intel UHD Graphics 600,2018,11.6 in,4 GB,Dell Latitude 3190
"Dell Latitude Laptop Light Gaming PC Core i7 16GB RAM 512GB SSD Windows 11 Pro
Opens in a new window or tab",https://www.ebay.com/itm/264714553889?_skw=laptop&itmmeta=01K89ECG18F1HWNF0RSTWMTGDE&hash=item3da2378a21:g:QJwAAeSwT25o3TS7&itmprp=enc%3AAQAKAAAA4FkggFvd1GGDu0w3yXCmi1c9LPIiKLO7h82TA%2FMI8PcmoEpD%2FWvSjd3aEqj%2BLID6nYfI5%2FvpBZPO4U3zlEmwqBxV4zy%2BKipATypUMinfci%2F3qu8dpXPTfL%2BMEUrfHJXqTAwN4mu%2FTY4sKO%2FQZRbzyrAikeajLLx28qqut4UvHVT4wd%2FS5eLGmi8zXrhAYgObdLwvizyu726DZTvJR60QPy32EeGHGoKlebPJzpli5VxRWF%2BVhC7kR2TGkhw6LAl1UmX50aCh%2Bz5hWmalO%2Bi2rGxD8XvW%2BRirr%2B7Lmh3vzzwg%7Ctkp%3ABk9SR5KBsq7CZg,Good - Refurbished,Intel Core i7-1185G7,512 GB,Intel Iris Xe Graphics,2021,14 in,16 GB,Dell Latitude 5420
"Lenovo ThinkPad T14 Business Laptop 14” Ryzen 5 PRO 16GB RAM 256GB SSD Win 11
Opens in a new window or tab",https://www.ebay.com/itm/267147782259?_skw=laptop&itmmeta=01K89ECG18QR5R6PNN6JNB2VVY&hash=item3e333fa873:g:7XwAAeSwmF9o-Hak&itmprp=enc%3AAQAKAAAAwFkggFvd1GGDu0w3yXCmi1d%2FDwkPOzmU0BEebo3kUtV4LhxMyTf8GPzSQbpT0oQ1fVRvOyJQBpAq4K5Pk5wQUNv%2BQgRqkRQye%2F96GFer0jC%2F4UR78O%2Bc7TqJGrGio%2BhaHBa9xboBnTF3MpPXkjFS17jcZ2aMmJQB7zraWynirKpjpc44o8S5lxSFTeWsjCebGnezS%2BiSloOt90DCpwI9KEORWXLcQPB2f3vi5B2ZbgeS8nJf%2BQ6jQMrztNNmXLHd2w%3D%3D%7Ctkp%3ABlBMUJKBsq7CZg,Good - Refurbished,AMD Ryzen 5 PRO 4650U,256 GB,AMD Radeon Graphics,2020,14 in,16 GB,Lenovo ThinkPad T14 Gen 1
"HP ProBook 440 G7 Business Laptop 14” FHD Core i5 16GB RAM 256GB SSD Windows 11
Opens in a new window or tab",https://www.ebay.com/itm/256580694395?_skw=laptop&itmmeta=01K89ECG18QCK440T7ECRGR8KA&hash=item3bbd66b17b:g:hVIAAeSwh7do70f1&itmprp=enc%3AAQAKAAAAwFkggFvd1GGDu0w3yXCmi1e2ShVWwKaBfJBYObiUyDA26jbFi%2BR9OMc0SuPtBHlWCws6FcxVJtU8gHyaXlvjMmGHkeeSco4hx21s8hZNwtEEL58zUPB4Vmd1aGzgTSDnjgrM%2FfUH%2F7WUcHwSzZAiUUvhLUNdxLYAktJ57j72oholW7QfSnzbLGxtdJKlYLXUkgfBTgkUbOZi%2FFrzkx5ZyiBesamsru8r42iq4xWecN9I0j18Q65AoBdGJbl2YnQ3kQ%3D%3D%7Ctkp%3ABlBMUJKBsq7CZg,Good - Refurbished,Intel Core i5-10210U,256 GB,Intel UHD Graphics,2020,14 in,16 GB,HP ProBook 440 G7
"Dell Latitude 3190 Laptop Computer PC Intel Celeron 4GB RAM 64GB SSD Windows 11
Opens in a new window or tab",https://www.ebay.com/itm/255080719892?_skw=laptop&epid=238317140&itmmeta=01K89ECG18FBZFFBMVMKDMWGED&hash=item3b63fee614:g:BjQAAeSwtdJo24bc&itmprp=enc%3AAQAKAAAAwFkggFvd1GGDu0w3yXCmi1e7xnNIzVzxA84XaNZhtZa7QPGUITGfnO3UE5QKBUy6yQloQxQyTWOxiBYJlI2OetErgDFP50XnjAikPr9hDrtXXzznuExshV8JZrh8uSplQfnn3woz3DVhPdm1r6%2BglF5VUaUS337Pd2YHg%2BiRgbjtoAt1UHmJyl%2FLK01adNweChX%2B1S2Fsa0b2RvnfaqqvvFz4zZ0kENxea13VQOMzljvnHhRO%2B7dY3DrhPPi1sVuYA%3D%3D%7Ctkp%3ABlBMUJKBsq7CZg,Good - Refurbished,Intel Celeron N4120,64 GB,Intel UHD Graphics 600,2018,11.6 in,4 GB,Dell Latitude 3190
"2025 Lenovo IdeaPad Laptop Notebook 15.6 Intel Processor Upto 20GB RAM 1TB SSD
Opens in a new window or tab",https://www.ebay.com/itm/146493392451?_skw=laptop&itmmeta=01K89ECG18X0C4EV35Y6FD891M&hash=item221bafc643:g:OrUAAOSweZ1n7bDV&itmprp=enc%3AAQAKAAAA4FkggFvd1GGDu0w3yXCmi1f6B1uIQQdigWZtEofdUpttps5RFPf49hIrSr%2FkPH3hw36tJtf4jPsfsvYY7zoaRUAh00srKgZKh0Bl5lcwdkJcwygY01NWnpAIcvFhQ92aQgywj6iHsMEal439rjWp6smcoeZvOY9WGxMAEHeE79dLGxYI3QvkVsigW%2F3QntNiyYv--jOzWnVZ3aLfcIsXf4WbYs0W3nM4hGJk0UD7PL7aiRFaFmdCvpoiqPsJdBGTzF9gS%2FHMx3%2F9wNMZiepM%2BYlK4d735%2FSLsJYsfyvz1%2BUC%7Ctkp%3ABk9SR5KBsq7CZg,"New: A brand-new, unused, unopened, undamaged item in its original packaging (where packaging is ... Read more
about the condition",Intel Celeron N4500,Up to 1 TB SSD,Intel UHD Graphics,2025,15.6 in,Up to 20 GB,Lenovo IdeaPad 1
"Dell Latitude 14"" Laptop Computer Intel i5 Up To 32GB RAM 1TB SSD Windows 11 Pro
Opens in a new window or tab",https://www.ebay.com/itm/286601719329?_skw=laptop&itmmeta=01K89ECG18FM3C8NN65V5CFNVV&hash=item42bacb2e21:g:MfQAAeSwfo5o1qdZ&itmprp=enc%3AAQAKAAAA4FkggFvd1GGDu0w3yXCmi1egviI5IGhbffUTd89XgitgrWAq58frckoxAtgINTKDhlGerCk%2FiocrG4ETxZzFXMEQWntiih0f8%2FEUmswNuhwOIMffCXBriVnRba34OPR0Wog28TWdgVHEkmuaHJpYBsuJAq1J2hu1vKCK%2BqPLWD2lJLIDT7OEuewEiGIGB%2Ba9h%2FgQQKINoJ794wiv3lRuEh3unSS5Wqy2oWnROfEjQ9QHmFWtfKQ%2BCifUe1DpVbWz6eeOFdCFPPEfcx4TYG8mkKIfIqnIm9Aop6M4gWGg%2BDIm%7Ctkp%3ABk9SR5KBsq7CZg,Good - Refurbished,Intel Core i5-1135G7,1 TB,Integrated Intel UHD Graphics,2021,14 in,32 GB,Dell Latitude 5420
"Lenovo - LOQ 15.6"" Full HD Gaming Laptop - AMD Ryzen 5 7235HS - 12GB Memory -...
Opens in a new window or tab",https://www.ebay.com/itm/205568154545?_skw=laptop&itmmeta=01K89ECG189D670SHRMYW9Y6SB&hash=item2fdcd11bb1:g:R9UAAeSwJDZo9-Zn&itmprp=enc%3AAQAKAAAA4FkggFvd1GGDu0w3yXCmi1eAfYm3ZyZlD2b%2Bkqcnn2MyVb9MMhUEvPW13Qdad5%2FuyTilCbeVUNBPWlSoOGdfJpx59Wrkk4NlDo0hhbjx5mERHj08DwxfvgpYSHmDmrcjDWsk1x9wSu9fNhc%2FvUTXi0QtWbJoC9SzMLctkEELaqF89DqnJBB8wmi4VLAktfRrKyM%2BZqDzLJjZI%2Bs3xO3olkoY%2FSblIk3J0h73YOKsohP6%2Fs5qxGe9yFKzShaSlP6hQynwRFSS0ekx429NVpd7WF53yh6bEcOdWCSnu4LuDIiK%7Ctkp%3ABk9SR5KBsq7CZg,"New: A brand-new, unused, unopened, undamaged item in its original packaging (where packaging is ... Read more
about the condition",AMD Ryzen 5 7000 Series,512 gigabytes,NVIDIA GeForce RTX 4050,,15.6 inches,,
"Dell - Inspiron 15.6"" Touch Screen Laptop - AMD Ryzen 7 7730U with 16GB Memor...
Opens in a new window or tab",https://www.ebay.com/itm/205568149888?_skw=laptop&itmmeta=01K89ECG18WHAF1WZPAAN7C1S5&hash=item2fdcd10980:g:axgAAeSw64xo-JUq&itmprp=enc%3AAQAKAAAAwFkggFvd1GGDu0w3yXCmi1emCipK3H8mdlsPnxKJ2CCnixhh%2BZV239hHSEicHafl40mlAJLfqtKs5ZwpBfaNkqSQjLZuGHtNNh%2BgcQ7Ew3Ge5z26rDgcE4CbDLI8LTBCIYWJAqFX6yMsRlf7Z2IdsxAmsFSDy4LHU%2FOOOapRtjOuyVRhwSizgWs94979CRm%2FjWVVNjIXqRC9ihq4IRUN2Rrfurq%2FGKIYqYtFjCBnh%2Fb%2FArDMNW%2BqB7zM2Yrow61fFg%3D%3D%7Ctkp%3ABk9SR5KBsq7CZg,"New: A brand-new, unused, unopened, undamaged item in its original packaging (where packaging is ... Read more
about the condition",AMD Ryzen 7 7000 Series,1000 gigabytes,AMD Radeon,,15.6 inches,,
"HP EliteBook Laptop Computer 13.3” HD Core i5 16GB RAM 256GB SSD Windows 11 WiFi
Opens in a new window or tab",https://www.ebay.com/itm/286101111453?_skw=laptop&itmmeta=01K89ECG18TNTWS57H7CZCFNFC&hash=item429cf4829d:g:KNgAAeSwySho9wh0&itmprp=enc%3AAQAKAAAAwFkggFvd1GGDu0w3yXCmi1c3rog5rFOi8yp3NXsHj4i52hT5iS8aI0q9joJUsTkq%2FbQjOw8AdSCzh6a19fS%2BG9MbsfgXbiTUvTsTMJAM3zwJzBkuV%2FpXUWGiJoKYd0SMrn4wwsuOCwKPguGKkf2DbYnJ0Qa4CGSmg%2FPF41drO20Lrzcecx1DdLFhpD8XIdFGIYJ5YwKH3TeFy8BBZKn0VgahTvlKNrAF4RAIdxJLpQtCZq6wr26PqUF1BpGydcL4SA%3D%3D%7Ctkp%3ABk9SR5KBsq7CZg,Very Good - Refurbished,Intel Core i5-8365U,256 GB,Intel UHD Graphics,2018,13.3 in,16 GB,HP EliteBook 830 G6
"Dell Latitude 5420 14"" i5-1145G7 16GB Ram 256GB SSD Windows 11 Pro Laptop Touch
Opens in a new window or tab",https://www.ebay.com/itm/306412265360?_skw=laptop&itmmeta=01K89ECG18V0CEHDP4J2CTMDMB&hash=item4757981f90:g:i64AAeSwh9JogXSn&itmprp=enc%3AAQAKAAAAwFkggFvd1GGDu0w3yXCmi1f89fGBuWEew8asedwxco73CxPLm5hstK%2FJ0E92RUTqz5K4TjUWcAYRUxaO%2F10yXwQHdP7PIbvaCHMx2M%2B7%2FUnxii28x33%2BfW7im%2F%2BH5jfa57V0Vpx5GjmgurbNql5lDsnnyxQV56n3XwnFiYXTNYLbi5V8FYjDQYyl8N%2FpG845WQY0cdhA7WXaUnfi%2B9cRWzZeeeXD573eh4oZhmCkXNAfdSCmjKm%2F8W1XzwKJ6yJaYQ%3D%3D%7Ctkp%3ABk9SR5KBsq7CZg,Used,Intel Core i5-1145G7,256 GB,Intel UHD Graphics,,14 in,16GB RAM,Dell Latitude 5420
"Dell Latitude Touchscreen 2-in-1 Laptop Pentium 8GB RAM 128GB SSD Windows 11
Opens in a new window or tab",https://www.ebay.com/itm/256245941032?_skw=laptop&itmmeta=01K89ECG18ZNWZNC4YEWMERKD1&hash=item3ba972c328:g:WhEAAeSwaZNot9lU&itmprp=enc%3AAQAKAAAA4FkggFvd1GGDu0w3yXCmi1cXFJTJzyOnimAswxZKTBSO801OAeKNI%2FrEe46wvjwUWyOZGvC5GglX9NIOjz%2FFHLB%2FCSAsyGVZwn0BUoCitWyPJN9exUyVXX6KEc0soL2nPyjdQ0T3cUL3e2TiJm8rT%2FcWA4qVpjG%2BebdZY0o3r%2FyskWuzIb0dJqIlEcTY3AIeGjS7G5ieL4qgdvycVViPbwDciQQHrvCAIpePCCCDZw5OTIbREllBHyDys8lU6%2F40nzeZEXeMEtBbTAnOnDhAe8t8MUl6v3F5Xw1mDMvNkZui%7Ctkp%3ABk9SR5KBsq7CZg,Good - Refurbished,Intel Pentium Silver N5030,128 GB,Intel UHD Graphics 605,2018,11.6 in,8 GB,Dell Latitude 3190 2-in-1
"Acer Aspire 3-15.6"" Laptop AMD Ryzen 5 2.8GHz 16GB 1TB SSD Certified Refurbished
Opens in a new window or tab",https://www.ebay.com/itm/266889342994?_skw=laptop&epid=18068847248&itmmeta=01K89ECG1882PTW3Y40AKJ5D64&hash=item3e23d83012:g:fNUAAOSwN91njmwe&itmprp=enc%3AAQAKAAAA4FkggFvd1GGDu0w3yXCmi1eYLT82GwiMxB4J3%2B6Oa83imsD2u51q3catKQlBsRQmCNSpl74qEY%2BcwtwLCDrVkyZOExtBiS4r67gyUBLuSth8CDhU3fsLjthk3kyt85%2BjjuDyerL6jmE34qLCrQ33jGP%2Fw47LjRf%2BQU5wNPclEhvqFzLzrAONC4mguM5qZV4QhOuTsImLt%2FriT1pqoFyfUgpsP2hfNUIGt3Kto9SaN4K4y6y6TD5VDjzafVQzw4TJEgxcS%2FzWZaB5wnjvk3RmodlelLSXBHgVoOHdmfbK1WoC%7Ctkp%3ABk9SR5SBsq7CZg,Certified - Refurbished,AMD Ryzen 5 7520U 2.80 GHz,1 TB,AMD Radeon Graphics,,15.6 in,16 GB,Aspire 3 15 A315-24PT-R288 Notebook
"DELL Latitude Laptop: Intel i5! 16GB RAM! 256GB SSD! Zorin Core Edition!
Opens in a new window or tab",https://www.ebay.com/itm/116659802706?_skw=laptop&itmmeta=01K89ECG18CKR85GANRBYF1KW5&hash=item1b29775252:g:xpUAAeSwH8tog54B&itmprp=enc%3AAQAKAAAA4FkggFvd1GGDu0w3yXCmi1ezFYRjtx6mk3XgqOToO2Fa%2BdrqgMh%2FI0uZXRAyLZVfFrG67Esoh1TPOFu0CAhROb5fNwvkmIPY1G8wjMQuUBV8osqcpwyfnBA4RRycQeRSJuxvBvgkgZLDfNRIhDJw1m78QdUTSq02xm4un%2BeExn%2BIFqFpiKD%2FMJP3rcmvb%2FqVd91uDb7RigxjWgkeKO1c8ppzxvS%2BSTuO1LmF07uTJBLaVa8px%2BDQFLKAaMSJY9JJ3nl%2B%2FfyzzAsWBGNN%2BhfePVdhB%2B968k48SINUzCnK0%2F7U%7Ctkp%3ABk9SR5SBsq7CZg,Good - Refurbished,Intel Core i5 5th Gen.,256 GB,Intel HD Graphics,,14 in,16 GB,Dell Latitude E5450
"1 Year Warranty Dell P29T001 11.6"" Chromebook Celeron 1.1GHz/4GB/32GB (Black)
Opens in a new window or tab",https://www.ebay.com/itm/145586233629?_skw=laptop&epid=2322571102&itmmeta=01K89ECG18ASR4ZP2RJZN1RJ20&hash=item21e59da11d:g:j40AAOSw3Dxluunt&itmprp=enc%3AAQAKAAAAwFkggFvd1GGDu0w3yXCmi1fRcRy2NyK%2F5GQJOvJa4dHISQZpY53uliYTlFc0SyiWbeg4WqRGXiUkCt4RYWlTJsFo9AUJoj0DV%2BUzq0xjBXeHpq5Ya4Q%2FOo0tdnMgksPWVF6%2FAAy3LJyoRsrSOHIZ48VTx29RmPuBHHU9pVQtiYQ6Kurp0EVoWl2Mb3s7fTpg1YuHoMjrkFpwV63COjPbDKDcAqNZXqI%2BXuvDtA5EsHdRihhVfsftBIdsED1A4x1s1g%3D%3D%7Ctkp%3ABk9SR5SBsq7CZg,Good - Refurbished,Intel Celeron N,32 GB,Intel UHD Graphics 600,,11.6 in,4 GB,Dell Chromebook 11 3100
"CHUWI- 13.3"" Laptop - Intel Celeron 2.8GH- 8GB Memory - 256GB SSD-HDMI Gray
Opens in a new window or tab",https://www.ebay.com/itm/396320750534?_skw=laptop&itmmeta=01K89ECG18X2NWCR4FC86FAAPD&hash=item5c468ebbc6:g:ZysAAOSwXDpmIQcg&itmprp=enc%3AAQAKAAAAwFkggFvd1GGDu0w3yXCmi1cK0Iv%2BG2pcuhZtgbcj5kOJ8NpQIdzqYXDmxYyAm0aLRLYyFP76aTapoR2o8fUGTh2o8BmpiAANQPP9VdcG%2BX4iojhMD5H7Qat90nmxXs%2FSj9FuQW%2FoFS6KvC4QP4kyrGxxPnitWCzAmHfKhvn4dt3DDrU7sPR8KrV%2FA6siMGHgOChLcbYPtpTMWYk4t%2BSQeZKpK%2BRgwPmfHz07WGxokYrIoyVNr0m7F9HUdQC2p2bRgQ%3D%3D%7Ctkp%3ABk9SR5SBsq7CZg,"New: A brand-new, unused, unopened, undamaged item in its original packaging (where packaging is ... Read more
about the condition",Intel Celeron,256 GB,Intel UHD Graphics,2023,13 in,8 GB,Laptop
"Dell - Pro 14 Plus 14"" IPS 1920 x 1200 (Full HD Plus) Laptop - AMD Ryzen 5 PR...
Opens in a new window or tab",https://www.ebay.com/itm/197794155035?_skw=laptop&itmmeta=01K89ECG18BVGKTQQB4A7MAWSV&hash=item2e0d734a1b:g:PicAAeSwPrRo-gif&itmprp=enc%3AAQAKAAAAwFkggFvd1GGDu0w3yXCmi1dOQpW73nGZhPGBasgAuSe17%2FTFQbzunFfRE60u%2F9kmJ62MzvWXjNfmBODSwCm5DwX8l9CLuhW1c42dQgLeC2eirp7CRRzSeLrwFSeIjPDkUB5MOaj7H07N2oBdoUzndeNUExNOfTmV4tCmyqYE%2FtmOsuEhrPLbBRln%2FkRzQDkZjAFCYp6Q28yhI6QkuBczfzy3UxdqwuWQdhKN2kPkBOzhjtXBKVXv5apgVhqHwlkvIQ%3D%3D%7Ctkp%3ABk9SR5SBsq7CZg,"New: A brand-new, unused, unopened, undamaged item in its original packaging (where packaging is ... Read more
about the condition",AMD Ryzen 200 Series,512 gigabytes,AMD Radeon 760M,,14 inches,,
"Dell Latitude 3390 2-in-1 Touch 13.3"" Laptop Core i5 16GB RAM 256GB SSD Win 11
Opens in a new window or tab",https://www.ebay.com/itm/254855107832?_skw=laptop&itmmeta=01K89ECG18NR02938MV3C9HJN1&hash=item3b568c54f8:g:7k4AAeSwTuBo7z30&itmprp=enc%3AAQAKAAAAwFkggFvd1GGDu0w3yXCmi1dCF59gNSdxU%2F9kv2cTsMMrITgouMkRWG6s9CP0QhqCdEz47ub7eGiNlIiz13V17MF6D6herVANMGM9c6XOXMSr198v%2FNUnXOP9tt6y1cLqHGPEL3%2BJYn%2BdJrfk4HcKjyRx7vUrNqk9pMjexjsO9CKiPEMp01DQiiYcMz5poPw6Ef1CTP2l%2FdazCiqcow5zXzl3%2B6ptQ8BxR6n6Mn10JY7juePBA5fEassGTBsyrL%2Bx7A%3D%3D%7Ctkp%3ABlBMUJSBsq7CZg,Good - Refurbished,Intel Core i5-8350U,256 GB,Intel HD Graphics 620,2018,13.3 in,16 GB,Dell Latitude 3390 2-in-1
"Microsoft Surface Laptop 3 13.5"" QHD Touch-Screen i7-1065G7 16GB Ram No Storage
Opens in a new window or tab",https://www.ebay.com/itm/305957636209?_skw=laptop&itmmeta=01K89ECG182H253EHAG577NZWD&hash=item473c7f0871:g:UNQAAOSwqWFnUxdp&itmprp=enc%3AAQAKAAAAwFkggFvd1GGDu0w3yXCmi1c8SYYQ6u7Wdc6UxU6%2Bf2HXl8OjTmC4iLDImzpGkzZkDgZxDgXAYpfRjrld51eYO%2BUJJltWJfTz7RTBkfRgQu4KkNvUytwgvHNq4MYwCvBCktsrbiOutD9z5Fc0OEp76pXn2qu9CbK8O8ghboguo%2B4Kl%2BQIswBOBsiqOTSLEjTcIWooETOhsIZW%2FC3SPoEKie6MVGB%2BdGa6sGNFGtprZJ3NCvOOMyk4ICZpFsAini2KFQ%3D%3D%7Ctkp%3ABlBMUJSBsq7CZg,Used,Intel Core i7 10th Gen.,,Intel Iris Plus Graphics G7,,13.5 in,16 GB,Microsoft Surface Laptop 1868
"Dell Latitude 13.3"" Laptop Computer Core i3 4GB RAM 128GB SSD Windows 11 Pro PC
Opens in a new window or tab",https://www.ebay.com/itm/254391083564?_skw=laptop&itmmeta=01K89ECG185HP1A0Y458NXX07X&hash=item3b3ae3e22c:g:nZUAAeSwlFVo7dlV&itmprp=enc%3AAQAKAAAAwFkggFvd1GGDu0w3yXCmi1d8gH%2BtVzOhgHXDgvtrH%2BCTzErnfmOpkzE8nJ3SZ34ny0Zec2e%2BK%2Fef1f0ZL%2Fo%2Bo6OAFSjQvrgW%2BRUaYiDKXzJBOmeXCnDhqXBu%2B1L1g%2FCrl41y5mrbB07t48gtEu8Tpn0Aj9UsDd5LYN7sOkUugGJlgStMB1QHe9uftmBsxULoMWofs0wpC4hNFtgUZsDpbglVt4EGkuidg38sD9Vh48dmS7jnVS6%2FwZPZzyFk18xd5g%3D%3D%7Ctkp%3ABlBMUJSBsq7CZg,Good - Refurbished,Intel Core i3-8145U,128 GB,Intel UHD Graphics,2018,13.3 in,4 GB,Dell Latitude 3301
"Lenovo Yoga L380 Touchscreen 13.3"" Laptop Core i3 16GB RAM 256GB SSD Win 11
Opens in a new window or tab",https://www.ebay.com/itm/256237065212?_skw=laptop&itmmeta=01K89ECG191SQHTQGE7BH9VQE2&hash=item3ba8eb53fc:g:MqQAAeSwNkRo-d9H&itmprp=enc%3AAQAKAAAAwFkggFvd1GGDu0w3yXCmi1fbi0Pf8YdLdOo8LGwlgCxFzD0vy26AeYsm5eZiLvAJSswNCqXn8vsTofqPMvEyRBmRbPhm8iEi7fqfzJyJl9TemqCydWbeR7CD59D7QekorBk8UdVQNkCWsm1H44EMTV3s%2FR9zFDhs9yJrF1jQcmOP0BoAPWpTZpy7zoQPIIz2b5bHEkGMY3Vu6Wc7oAvdzpEDESQPplNsPR6BT4TbL7RwPLhwgty0smXrokBwI5aZwQ%3D%3D%7Ctkp%3ABlBMUJSBsq7CZg,Used,Intel Core i3-8130U,256 GB,Intel HD Graphics 620,2018,13.3 in,16 GB,Lenovo ThinkPad L380 Yoga
"HP - Victus 15.6"" 144Hz Full HD Gaming Laptop - Intel Core i5 - 8GB Memory - ...
Opens in a new window or tab",https://www.ebay.com/itm/205706652006?_skw=laptop&itmmeta=01K89ECG199H18CXT4HHTXHXDE&hash=item2fe5126966:g:dswAAeSw4g9o7KmF&itmprp=enc%3AAQAKAAAAwFkggFvd1GGDu0w3yXCmi1do0dZTxdZrga72%2BWxk6lpyQYqUtoq54MjcC0c2qyo198JyGAbFRRQoIr8fBtl%2Bs6hb1AbeH%2BmtHr6hdPLaSNF8ID2KOBkjgsGmWX4iZZn%2FYD99knflU1vnwzOBApdALS7AuzWrrRi3KpKX4k3r1A9WoNAPqWXoiL4bn%2BmsDMKyxgXcpdnIHgZsOhQTjoIdZTeEMajZx5vUfudAIRdEi97gr%2BQKUgnoHM%2B71JQIfT%2FZaQ%3D%3D%7Ctkp%3ABk9SR5SBsq7CZg,"New: A brand-new, unused, unopened, undamaged item in its original packaging (where packaging is ... Read more
about the condition",Intel 13th Generation Core i5,512 gigabytes,NVIDIA GeForce RTX 3050,,15.6 inches,,
"NEW LISTINGASUS Vivobook S 16 Flip 16"" WUXGA 2-in-1 Laptop Intel Core i5 8GB 512GB Win11H
Opens in a new window or tab",https://www.ebay.com/itm/167880149317?_skw=laptop&itmmeta=01K89ECG19CAR4R3M510PVVH45&hash=item27166fc945:g:5R8AAeSwGs5o-pbo&itmprp=enc%3AAQAKAAAAwFkggFvd1GGDu0w3yXCmi1dAI8fZUnXz34bpuLJgN4DHNk3gq97l%2BE9h02birmm1pPzNei89LlwSJyFOTZHOR5EbfENdjIsjgBWIRvajWquTzxh6qhd7wyx8InZU%2BNGeK8lyiA4pbvDvg426LbEmctz8SJWUvSF0xCV2Y%2F2rhq6blrS2B4rKWDmYRRhLtd2NB2sjNDkx7viD6C7bShmPZJm9YFjbAffUUUCw84UZoK4gCTvKSCK65rD%2Fn9c0uQjycg%3D%3D%7Ctkp%3ABk9SR5SBsq7CZg,"Excellent - Refurbished: The item is in like-new condition, backed by a one year warranty. It has ... Read more
about the condition",Intel Core i5-1335U,512,,,"16""",8GB,Vivobook S 16 Flip
"Dell - Inspiron 15"" Touch Screen Laptop - Intel Core i5 with 8GB Memory - 512...
Opens in a new window or tab",https://www.ebay.com/itm/326689063076?_skw=laptop&itmmeta=01K89ECG19PC6MNA5SQ1MGSNKG&hash=item4c102f80a4:g:0GkAAeSwwt5o9JPH&itmprp=enc%3AAQAKAAAAwFkggFvd1GGDu0w3yXCmi1f8WbBF6YB4Rwo1pAF%2B%2FlAMVLrDPLjE2CD6hbAOOwF029WveFrKZpD9B2H%2BCd2UpV3VLd%2F3GBmreZrbneAlBSmf4LZS9hg9MuHdAuuT1S2R8N8ByPFIsu1Fp0PKgzAvoABKAK05BoVGcjRKTx537MpGl0L3Q%2F3xKwQ3jP8X9oS3%2BsjS60HLBl9DicQQnngMlx8hpjQ0h3NzwLLYATYVhgoD2evcZkv9gwApvZKLFmeKsQ%3D%3D%7Ctkp%3ABk9SR5aBsq7CZg,"New: A brand-new, unused, unopened, undamaged item in its original packaging (where packaging is ... Read more
about the condition",Intel 13th Generation Core i5,512 gigabytes,Intel UHD Graphics,,15.6 inches,,
"Dell 15.6"" Light Gaming Laptop Intel Core i7 4.20 GHz 64GB RAM 4TB SSD Win11 Pro
Opens in a new window or tab",https://www.ebay.com/itm/334703417715?_skw=laptop&itmmeta=01K89ECG194348CN1T7QZ2MHS8&hash=item4dede0d973:g:EKMAAOSw3rlnftZD&itmprp=enc%3AAQAKAAAAwFkggFvd1GGDu0w3yXCmi1dAFycpTlaKFVUPmy0ir%2FB%2B9CAK6TBsnTrezwgsqrz6eU19gGF9zGSU6rZzmf8oYjEdXW5V20u3tYsn0KzFktrE%2F7oDEyM0qlc12iXHa1h0NMUqbLGKrLVE8GZsFfFrJajKfaXYKgj3j5FiCW8erNOv%2BaFf7N1qimvoLrQuYxM1RIPxHr49SLgT9kwRSl1i6jLE6qzrq8kYjcz8ufN9I8UEC4S%2Frk%2BYGhtWykk4GIKyIw%3D%3D%7Ctkp%3ABk9SR5aBsq7CZg,Very Good - Refurbished,Intel Core i7 8th Gen.,,Intel UHD Graphics 620,Refurbished in 2025,,,Dell Latitude 5590
"HP - 15.6"" Full HD Touch-Screen Laptop - Intel Core i7 - 16GB Memory - 512GB ...
Opens in a new window or tab",https://www.ebay.com/itm/205568150134?_skw=laptop&itmmeta=01K89ECG19KF4HCWDJJ4JDC4AX&hash=item2fdcd10a76:g:5moAAeSwdDVo-Agb&itmprp=enc%3AAQAKAAAAwFkggFvd1GGDu0w3yXCmi1fcbfZ0Pmlz%2FR%2FR29iZWLRjocYKcOZm1lXoZ21ifiAJguGsg3xPNbbpjvdXLPDjrcRf%2FWIcKAqHj5Zp2qQZ9hkob%2BjbXPYyby96fNbU1TUXN7B%2Bkwt1T3duwyURLW9c7%2BVuFEL%2BsSdT4oxoJYC7HF4ybVnN3pPbhV5RVPstGsIHAho0PZMDAGD%2BwSt%2Bvnyj4Zu%2Bb0RiolrkQS4Kd66jl2WDvOlocuJmQyrQDQLzU1zS9w%3D%3D%7Ctkp%3ABk9SR5aBsq7CZg,"New: A brand-new, unused, unopened, undamaged item in its original packaging (where packaging is ... Read more
about the condition",Intel 13th Generation Core i7,512 gigabytes,Intel Iris Xe Graphics,,15.6 inches,,
"HP EliteBook 645 G9 14""/512GB/16GB AMD Ryzen 5 PRO Win 11 Pro Certified Refurb
Opens in a new window or tab",https://www.ebay.com/itm/336226655841?_skw=laptop&itmmeta=01K89ECG19SY9THGWD6ESE48DZ&hash=item4e48ab9e61:g:5QQAAOSwFGpn8BUR&itmprp=enc%3AAQAKAAAA4FkggFvd1GGDu0w3yXCmi1evSt2UVnp8rkeI7g5D1V4aEWG2uiieTFQcL7%2FG7qMHa21VeIKhmlf8%2BszmbdLtbf7CA881o11sC9js2hnm8%2FJbGUIhnZ0bVcngNhQoJ%2BkbQKCOg8lr4zTSmqJv%2FkpO9R5Dt6XI3YOs2R%2B%2Fhcvjmg0U9dIeaoG5%2FKAg7y2mSEccR7ul8TXTXWfbV0JTZleNTQjLmLS2FNqXVTV%2FH6d7XQ3cqZpsyE47WQJdlq0Ak4Bf0ceu2MPpFpNlvnIuEqf%2Bsu8qJRG7he8McxdDneVlbhiZ%7Ctkp%3ABk9SR5aBsq7CZg,Certified - Refurbished,Intel Core i5 12th Gen.,512 GB,AMD Radeon R5,,14 in,16 GB,elitebook 645 G9
"HP 15-DY2791WM 15.6'' (256GB SSD Intel Core i3-1115G4 3GHz 8GB RAM) Laptop -...
Opens in a new window or tab",https://www.ebay.com/itm/306561266663?_skw=laptop&epid=14057953302&itmmeta=01K89ECG1919KWSWG4W0F2EWHR&hash=item476079b3e7:g:jd8AAeSwkwBo-EKO&itmprp=enc%3AAQAKAAAAwFkggFvd1GGDu0w3yXCmi1c4%2BfIwSolNit14HXH7WxDlNdueIdaUQMUFOtUt1SVVtpf6ZFw1Fq%2Byc45K%2F4bKlFKWgDWsZqWuudUV%2FbtMC7g3IRKbVnxjI12AVMzuaoFLVRiDLSb3Xc6m%2F2gJ4cusBndRb3DNcsCDRVqztZMAH7KehQGhKvBo175yKiuiR8pchaBbNie%2BK25xBUp00IlgvZsMoayaKsTOs%2By6dGzj75UxNdbpMtDllsfGKc2nTYtOcw%3D%3D%7Ctkp%3ABlBMUJaBsq7CZg,"Used: An item that has been used previously. The item may have some signs of cosmetic wear, but is ... Read more
about the condition",Intel Core i3 11th Gen.,256 GB,Intel UHD Graphics,,15.6 in,8 GB,HP 15-DY2791WM
"HP EliteBook 840 G7 14"" Touchscreen Laptop, Intel Core i5-10th Gen, 16GB RAM, 51
Opens in a new window or tab",https://www.ebay.com/itm/197720826902?_skw=laptop&itmmeta=01K89ECG19D1HEMX51ZW7XXTC3&hash=item2e09146416:g:nOMAAeSwxwRozXsS&itmprp=enc%3AAQAKAAAAwFkggFvd1GGDu0w3yXCmi1f5AcMcvWqap8MtFyEE%2BuK7yWzfNNnP5Y90eQIRcmtbw%2FX7JAgpH0RDWJH%2B4qylaysyZfSaPrNv4JtvVsi4FEd%2BzYK2Jk77o4zzXUrW3Qkgnm7AO0Rj8gok1HxvYkxcVJtkFwHjAIKRjdrT9c1wv312ENrTyLnoYdgO4eUvpiNn80s2ncTL2CrebGcjBWFF9MifSou3v5IndGnBvcIJwRDqmZVS%2Ft%2BWvg8ZMuqlVF78BQ%3D%3D%7Ctkp%3ABlBMUJaBsq7CZg,Used,Core i5 10th Gen,512,Intel Comet Lake-U GT2,,14,16,EliteBook
"Dell 14"" FHD Laptop Intel Quad Core i7 4.20GHz 64GB RAM 4TB SSD Windows 11 Pro
Opens in a new window or tab",https://www.ebay.com/itm/335762770305?_skw=laptop&itmmeta=01K89ECG1974STD9AHTSYPFW6Q&hash=item4e2d054981:g:m1cAAeSwS8FouLuL&itmprp=enc%3AAQAKAAAA4FkggFvd1GGDu0w3yXCmi1c2xDea%2FiR30bo9wUH6uNuYWLMVU9kzKNWrQeI%2FKbDO1Rhtrr2hmPRrMeXaB5WAFHhqJ1FWdGa7gkEP5TiF0VWkyLSPsPSS3qH28UzlRyy7GPBnx7vgrbIFRk5McTIusoea4dRJ5ASI5yEeioH%2FLfq4YtE7wYfg8CD5YjmXdPuK5DNfU0rYH0PJuC%2FQtFr8Oy9rsaGVBzuG2O3M9dYsPWgmRfvMA6J8ekAk3Ve4T2nfrDsgPzrV67NVmWrw9foMW9kaa4DAicTnnYuG%2FhCjIK%2Bo%7Ctkp%3ABk9SR5aBsq7CZg,Very Good - Refurbished,Intel Core i7 8th Gen.,,Intel UHD Graphics 620,Refurbished in 2025,14 in,,Dell Latitude 7490
"ASUS - Vivobook 14 14"" FHD Laptop - Intel Core i3 - 8GB Memory - 128GB SSD - ...
Opens in a new window or tab",https://www.ebay.com/itm/205787133912?_skw=laptop&itmmeta=01K89ECG19VA3DNPB9AHY5G7N8&hash=item2fe9de77d8:g:4l0AAeSwWhJo8IRN&itmprp=enc%3AAQAKAAAA4FkggFvd1GGDu0w3yXCmi1cJ1VIyHqWm9CJouLgR6rLrkbG8WBvzzaYcFFU1EinakUxsSd899fKRXxOJhr8gmIqXO2XEgsxe3kJfs%2F5%2B5%2FAM2tjKBSqu25T6KYwzeQXcrR%2F47dTsqn9VDLzYET751siS6E7tnbx2LfZx9hSnTeArg4Qfj6VL%2B2yGjKF2Fzaf%2BNgeEb8MBF9aA5CIXHfkBqL6qq396WiNjFtj5gEmNj3ogaKl3oGbjGzBVSGAfeWroJsbcVHjsILZTl3pTJIO947swWCMr9uNlfICDzpwCw%2Fg%7Ctkp%3ABk9SR5aBsq7CZg,"New: A brand-new, unused, unopened, undamaged item in its original packaging (where packaging is ... Read more
about the condition",Intel 13th Generation Core i3,128 gigabytes,Intel UHD Graphics,,14 inches,,
"Getac V110 G3 11.6"" Touchscreen Laptop i5-6200U 2.3GHz 8GB 128GB SSD W10
Opens in a new window or tab",https://www.ebay.com/itm/126815158156?_skw=laptop&itmmeta=01K89ECG194YCPKEK239YDHAQ7&hash=item1d86c5bf8c:g:geMAAOSw9XNnUg8S&itmprp=enc%3AAQAKAAAA4FkggFvd1GGDu0w3yXCmi1dYL83ALthzT%2Fuj%2Fbkns5Josny3JCZKemkzRBAM7i9%2ByWaUSmlw%2BVrRLJYsPZHBuIqtkBeZLzYc8j5Qv9NBJiPDYc9L2DaAF1HlpmA53cHNheSQ6JXvRrXpRrKcSr0TBG%2FjwPLusCFUBrf%2FiFrNmy%2FBeFRobT%2FHnV3KhmZttCrHA8D%2BFvqk5mu85%2B%2FlgAyQTQjB94uxww5886Wmxdqo1h2kV%2FuGl5IHvRHfLyQc0LZ9aMzXB1zzQjc3EPKqxCvP0WNuVhcpsSmbQ9h9edR1c7Ke%7Ctkp%3ABk9SR5aBsq7CZg,Used,i5-6200U,128 GB,Microsoft Basic Display Adapter,,11.6 in,8 GB,Getac V110 G3
"HP EliteBook 845 G8 Laptop AMD Ryzen 5 PRO 5650U 32GB 256GB 14.0"" W11P
Opens in a new window or tab",https://www.ebay.com/itm/306472201389?_skw=laptop&itmmeta=01K89ECG19P6TNHXZV7RWKE1HN&hash=item475b2aacad:g:LgIAAeSwKFloub8K&itmprp=enc%3AAQAKAAAA4FkggFvd1GGDu0w3yXCmi1cjZhb5hgKzDMerJ7UjTwAy%2B2Nwt6RrtQdtCwtiTt6auSmlJ%2Bb4KsTCmpYADBM4mfnopgSKLIznVzI4Le89PUZQlRnze8VQkjJCtyCPT5MVAnZnVVXeGST6XF4h8RKiRliDdvh13sd3EePK5BwHMMlQ5wMrZlHYsuy2%2BLvc9hd%2FKYC61xK7sj4Fsr13thgyqJBjn8ED%2FombqTZnx3tQ4YK88A8wnYTceGsKrnRN91yhQEFM4vehjVPnIYclZom%2B9X8lqHcLFlxwjf6g%2FWDqH3jc%7Ctkp%3ABk9SR5aBsq7CZg,"Excellent - Refurbished: The item is in like-new condition, backed by a one year warranty. It has ... Read more
about the condition",AMD Ryzen 5,256 GB,AMD Radeon Graphics,,14 in,32 GB,EliteBook 845 G8-RB2
"NEW LISTINGLatitude 3540 | i5-1335U@1.30GHz | 256GB SSD | 16GB RAM | Windows 11 Pro
Opens in a new window or tab",https://www.ebay.com/itm/267446193002?_skw=laptop&itmmeta=01K89ECG19NFQMK6N42SYMV150&hash=item3e45090b6a:g:WiEAAeSw1Ipo-mli&itmprp=enc%3AAQAKAAAA4FkggFvd1GGDu0w3yXCmi1fFoA3dGoSdFUq5A2w7es5RT2vFJKJGtwPg6fF5bJSRqJamwIs3oo78cqLoMh3I3qkjPWvxaHcbZq49BXM7GjrWoiNIBrzm8ityskmjeJs6Y5q6xiBPQemmJDAiqj%2B5x9ByaZE5FDh8l3p0UJ1988Fg0W6NItMjgvpsCvNvlhznv7P0qQwea%2FpL6FJkfZ0Q%2FIUxmm73Kg8QYxFYwjEMm0z2PKmm6Q%2FKPqgygTMYB6CrzL1J6lXKpBqiszED39V32JXJgZrm5gPJS5%2BjQFGjD6FL%7Ctkp%3ABk9SR5iBsq7CZg,Used,Intel Core i5 13th Gen.,256 GB,Intel(R) Iris(R) Xe Graphics,2023,15 in.,16 GB,Dell Latitude 3540
"Dell Latitude 7420 Laptop Notebook 14” FHD Core i7 16GB RAM 512GB SSD Win 11 Pro
Opens in a new window or tab",https://www.ebay.com/itm/256499495813?_skw=laptop&itmmeta=01K89ECG19JJTDD468QD3RZJWD&hash=item3bb88fb385:g:50AAAeSwSmdo4QfR&itmprp=enc%3AAQAKAAAA4FkggFvd1GGDu0w3yXCmi1cFsZUYn6Yz4uCjCB4qwfXcv4bqfoEmzGjq8pkneb4sAZUjEWr0Oy6XwhM0jIsjiIvXLzLzyAf6TeA2nSmWu3WTgJNxkaFzaDvOmPMWT%2BCOZ9l3cthmOIk2Sq6FVORtUMDKNYR%2BsZvM6c6FMiduQLB5mEY645bE2SJ0gB5bHcjnZpWPe8PcxIL5p4Ajua3icEDj3V8q6JLlAyWgzymQ3x1JKrOuEajD%2F7YgwTVFrpsnDAxJWf0EEngFPHkHQhbCRnApgM0oPxrfywnYAy4DCQ5a%7Ctkp%3ABk9SR5iBsq7CZg,Good - Refurbished,Intel Core i7-1165G7,512 GB,Intel Iris Xe Graphics,2021,14 in,16 GB,Dell Latitude 7420
"NEW LISTINGLenovo ThinkPad T14s Gen 2 i7-1185G7 16GB Ram 256GB nvme Windows 11 Pro
Opens in a new window or tab",https://www.ebay.com/itm/257171500026?_skw=laptop&itmmeta=01K89ECG1967494VXR9J2KZK63&hash=item3be09dabfa:g:nBkAAeSwmoZo-jwu&itmprp=enc%3AAQAKAAAA4FkggFvd1GGDu0w3yXCmi1eOWfaQ%2BDNnNIolYE2gmku99K1SWSOHWWGXCOldBvJJgsWDw%2B34PgxCzsTJnv02%2FPz7eaMYDwP%2BjoFeETFKvfVNWZEbYFeuP6WwDvYrGDALcXoo%2FN7ESGjI6A1PqKzwNeZLFHVXlyUb%2BqGx6iiNhKt7N00K%2FF%2BUMZTQvkvDfbRzAmUV9jAO7de4j7dBOkmlsyiiJqT%2FcnocQZgJ2ZA5ePeOX4j44w0YDAPfwln6%2BGJwWZ2mQXJ47uzmLxWSup%2FI30cG%2Bsv6N1oaC4wsr%2BupZnR6%7Ctkp%3ABk9SR5iBsq7CZg,Used,Intel Core i7-1185G7,256 GB,Intel Iris Xe Graphics,2021,14 in,16 GB,Lenovo ThinkPad T14s
"Dell Inspiron 15 3535 Laptop AMD Ryzen 7 7730U 16GB 512GB SSD 15.6"" FHD Touch
Opens in a new window or tab",https://www.ebay.com/itm/326307311564?_skw=laptop&itmmeta=01K89ECG194AQG98YFK7FWH5EW&hash=item4bf96e6fcc:g:9ooAAeSwQltoux-I&itmprp=enc%3AAQAKAAAAwFkggFvd1GGDu0w3yXCmi1fe5XqRf%2FK8slz8h7vuyBW768a7XJ0euJdG6rw5p7AtYDQ6UzoGcFFmijAd0YiMllwwCVgMuMlpLprqih9y9r8YNCCtY2RvhR8vr1zbgnz5rJMQfB%2BqezCEPTqTxH7Yaf8sNSDGyqGhf6dpFdhXqZpv%2BIPq6IXTZgVjT6M329pBZoMxnfZXtLPiK6OVH8htdGEwtqrBT9h%2B24EjvR7PIc8KVPmkO9g0vuNdMWx%2BNcPNvg%3D%3D%7Ctkp%3ABk9SR5iBsq7CZg,Certified - Refurbished,AMD Ryzen 7,512 GB,AMD Radeon Graphics,,15.6 in,16 GB,Dell Inspiron
"HP EliteBook 845 G8 Laptop AMD Ryzen 5 PRO 5650U 16GB RAM 256 GB SSD 14.0"" W11P
Opens in a new window or tab",https://www.ebay.com/itm/388696431750?_skw=laptop&itmmeta=01K89ECG19VJT83FVW7GDAQV51&hash=item5a801cdc86:g:PcgAAeSw49VodttG&itmprp=enc%3AAQAKAAAAwFkggFvd1GGDu0w3yXCmi1dyntoh0algv1GIbS6ByF%2Bq75EtyNxop%2BouTcKJnO1NUeYyq26GhEVix3ujS5ulMhsAGoON7Q%2BK2gJ4Y0eqxn3hIqZiXtHqkdKIgKcQ%2B%2FxObo0SKclilbIsACnMCt6sMmvA8s6N9vLH4kks1BeZiLxpflrMK6DrB%2BC8m5rL6zPPhzDu4WDwLIAXSlj1khLeF1RNssEQPmJHthC6R2OeMJ4RE6yNU6VCFac15oU2N1EAtw%3D%3D%7Ctkp%3ABk9SR5iBsq7CZg,"Excellent - Refurbished: The item is in like-new condition, backed by a one year warranty. It has ... Read more
about the condition",AMD Ryzen 5,256 GB,AMD Radeon Graphics,,14 in,16GB,845 G8
"HP X360 11 G5 Touchscreen Laptop Intel Pentium 8GB RAM 128GB SSD Windows 11 Pro
Opens in a new window or tab",https://www.ebay.com/itm/265369330737?_skw=laptop&itmmeta=01K89ECG19E7FS7PRYRZJR2D5B&hash=item3dc93ea431:g:gLkAAeSwGuRozQwn&itmprp=enc%3AAQAKAAAAwFkggFvd1GGDu0w3yXCmi1er%2B7kHXoLMhUBYXcip9mNdBTo0Ok%2BPZXXWRSfhzOR684MFzZnyAXRVwkNF%2BM99jR%2BbMgusmF3jF51QAWH78TayjaVvFvmcI0wBcDuepgp1qHUCGEMEWvhpOdiL1yVwnFLyuV7J0OdvvLS7Nb77XrOcdvmQkWitkG91S3gThDAWr3E0fICuOt0lDjcNcQjltArvyT5gTTbYbwYC7SKShyChyav03mCklE%2BFhvc4gvAifA%3D%3D%7Ctkp%3ABk9SR5iBsq7CZg,Good - Refurbished,Intel Pentium Silver N5030,128 GB,Intel UHD Graphics 600,2020,15.6 in,8 GB,HP ProBook X360 11 G5
"Dell Dc15250 15.6"" 13th Gen Intel® Core™ i7-1355U, 10 cores 1 TB SSD 16 GB DDR4
Opens in a new window or tab",https://www.ebay.com/itm/226967934757?_skw=laptop&itmmeta=01K89ECG196S2N12N9V9WPTERX&hash=item34d857d725:g:C3MAAeSwf9lo5-91&itmprp=enc%3AAQAKAAAA4FkggFvd1GGDu0w3yXCmi1fSqh5kjWz2TKJvBnJkhibwOw3E4miaAKt9vBU7WlH2Rmv6qGhtFFHxKikodSuJ4sNHcKBNpk%2F%2BbqLW3bPO3x%2B7gjOGUJVG9RxEIZY9qPZ%2FTvsZOyJ6Tn%2FechZODadkEL08Qmuqvbvgs72E0%2BknJ9prNIyxS5xpGQwuPwfyC1u9iQiS0m02Cihti0IQUhqxaNMyoVOqu80p7BV0NTlHSH4jPwRg5fP0laUMbcZH6hRr0QVsP1xlTclTSNbBN5LidZLCFBZT5PJnV7hz8qVLrdLi%7Ctkp%3ABk9SR5iBsq7CZg,"New: A brand-new, unused, unopened, undamaged item in its original packaging (where packaging is ... Read more
about the condition","13th Gen Intel® Core™ i7-1355U, 10 cores",1 TB,,,"15.6""",,Dell Dell Dc15250
"HP 17.3"" FHD Notebook AMD Ryzen 5 7430U 8GB RAM 256GB SSD Natural Silver
Opens in a new window or tab",https://www.ebay.com/itm/295907273733?_skw=laptop&itmmeta=01K89ECG19N0XCRP8Q32Z25SS1&hash=item44e572ac05:g:uNwAAeSwpIVonhgB&itmprp=enc%3AAQAKAAAA4FkggFvd1GGDu0w3yXCmi1eP%2BieOVVXNrTJlqRzgCtTktTYDAwCINYG%2FSk85fgWArMf24eCyrpdWiMCsHfgcXp8m2VnnFuYecfDYf3smNTUFx%2FfJE%2BSFB9oguyNy9LB7CDjpy3q1liX7G%2Bh8VcLAhk4R%2F9a5U9ocuoJUvpuGt3hZiABHboHk7Sl%2F5MT4WTBkViXv117xUoG6jbevHJtXbRbSMaYMtbqrMa8yE7GPl0hhFd2tSTtDB%2BIYnRL34cA5kftf5maHPsW75jP5a5As90stzArZmX5f1xAwS7YRtdnp%7Ctkp%3ABk9SR5iBsq7CZg,"New: A brand-new, unused, unopened, undamaged item in its original packaging (where packaging is ... Read more
about the condition",AMD Ryzen 5 7000 Series,256 GB,AMD Radeon Graphics,2025,17.3 in,8 GB,C17A9UA#ABA-E
"Windows 7 PRO Laptop Notebook PC Computer Dual core, 4GB Ram, 250GB HD DVD/CD
Opens in a new window or tab",https://www.ebay.com/itm/335462459953?_skw=laptop&itmmeta=01K89ECG19XTJ98E34PAWZGQ0S&hash=item4e1b1eea31:g:L-kAAOSwyERmfuqK&itmprp=enc%3AAQAKAAAAwFkggFvd1GGDu0w3yXCmi1dT%2FE%2FtPmfzmPAY%2BLDq%2Fs5D6ylH44MSwAxFqTohzJVpkm9D3SWIro%2BteCVbTSlbxD7EQvLLkxfQrFyRpcv3ugxEyNnjZBLR10HoT6NSf5jUBNBu4B8fAuKvQD4QB2yBeZAah7vftdXlyaL16MqkCRPr%2FtduwHCTQFnJqw8BRAEe%2B2eTDftvIWTgOfJvylpyY0XtxHJogDwVQevlXHAEb1OLaP9XLsyBQf6ECaBdoXvICA%3D%3D%7Ctkp%3ABk9SR5iBsq7CZg,Used,Intel or AMD,,,,14 in,4 GB,
"Lenovo ThinkPad T480 Laptop PC 14” 4-Core i5 16GB RAM 256GB SSD Windows 11 Pro
Opens in a new window or tab",https://www.ebay.com/itm/256696935158?_skw=laptop&itmmeta=01K89ECG1971F0F59DRQ0W4E4X&hash=item3bc45462f6:g:l5UAAeSwpxpo9zMP&itmprp=enc%3AAQAKAAAA4FkggFvd1GGDu0w3yXCmi1eP3YSPHO%2Fa0ELy24DhB8AdIjC4wyDI5%2BWg%2BZltR6eaQNslmEffT9YY9raF4SLUWrPdWeh9UuWJMtIj56iEvFRKOCp3L%2B%2BjIyQzMRSmb%2FASKArrqQfLGvTCCrVB2krBn8NqytEeLoYYJs0mtl3VKkeI1xyGtqPVnq9nv0A9DM4YRxtwawKZEh7UgBP2QvPu6HEnV9HnvwH4jN8mg2jzHu6LytDDxLdyKZ3DigDfL6jgxX0twC3goafUtrpyT58kAxmsGMCvPN57Pw9nqck9srAM%7Ctkp%3ABk9SR5iBsq7CZg,Good - Refurbished,Intel Core i5-8250U,256 GB,Intel UHD Graphics 620,2018,14 in,16 GB,Lenovo ThinkPad T480
"Dell Latitude 3410 Laptop 14” HD 8GB RAM 128GB SSD Intel Core i3 Windows 11 WiFi
Opens in a new window or tab",https://www.ebay.com/itm/256696935114?_skw=laptop&itmmeta=01K89ECG1984A5YC5BA0SZHTGW&hash=item3bc45462ca:g:t9EAAeSwnnJo7cE6&itmprp=enc%3AAQAKAAAAwFkggFvd1GGDu0w3yXCmi1d6%2FArczjQyl9wr8zmWIxt9R%2Bf6Kpfezt4V4n8uUbGW%2FYXSu%2F%2BYuuIUWRMMuRocZXZMNJqNJWaRTrPtzv9xGWxh1jVVr6TxnzItj%2B6txekNFXrizgX69kl8Fx03fmQE1E1wqOh%2B1S%2FEAgtQEpZ8lFxTvgLBa%2FZuv%2BE%2BzrCZ3TjEjkJDahHsiATFzGyh3ue8jLG0BI4uDsdVy8%2B6EhBlxUifrvoZP4IgOekn--eZ8A9itA%3D%3D%7Ctkp%3ABk9SR5iBsq7CZg,Good - Refurbished,Intel Core i3-10110U,128 GB,Intel UHD Graphics,2020,14 in,8 GB,Dell Latitude 3410
"Dell Latitude 3320 Laptop 13.3"" HD Core i5 4.4GHz 8GB RAM 256GB SSD Windows 11
Opens in a new window or tab",https://www.ebay.com/itm/265741526047?_skw=laptop&itmmeta=01K89ECG19NKXEK8PD3D51NM8S&hash=item3ddf6de41f:g:6R8AAeSwCPxov9dB&itmprp=enc%3AAQAKAAAA4FkggFvd1GGDu0w3yXCmi1dDgH46153dWJpQj31RNiWTfToIRMaYPUpUZPoWgWQw4OhvIQOMH3fPIOimXYFkJBUTVs5IrHbqFP5k54C7l0wdkrjIMop9yIOqEd9yppBw8frQ1NXutzHFUEttl479Die7NeOUXTf%2FydF5ofksJwtk%2B19%2F%2BuYGDK0HBuN%2F3m%2Fms0DbndaioCNRGrhYfY%2F8q38efsPTcopdSdDlsGrGjeMrTh6H37excexoJIzfcWgPswmwYsYYINj%2BpaQnk41y0nlgwgaCBBEhJCvrNy6%2BWQTq%7Ctkp%3ABk9SR5iBsq7CZg,Good - Refurbished,Intel Core i5-1145G7,256 GB,Intel Iris Xe Graphics,2021,13.3 in,8 GB,Dell Latitude 3320
"NEW LISTINGDELL LATITUDE 5580 Laptop w/ Intel Core i5-6300U 2.40GHZ + 4 GB | No HD / OS B
Opens in a new window or tab",https://www.ebay.com/itm/197797014948?_skw=laptop&itmmeta=01K89ECG19A01JJNKZQS88VQZJ&hash=item2e0d9eeda4:g:-mAAAeSwPDxo-mxQ&itmprp=enc%3AAQAKAAAAwFkggFvd1GGDu0w3yXCmi1dEZDXNWCIbAvPV2j6ebtJS%2BhiGRRf51GlysHblRAjDtpJ9SLK2cp374Qhg5crAJLUd--35D8nplRPfF9flQPDJIf9ocJe8gfNjGrmnv%2B5uNbBQ0St1cteEA1kevIRzEc7mEQwujxlHfyX9ZSaDpjtO71hsXcuYjSid4oP%2FIWYEt2vFLUXatVzKQ0ffk4s7Ntzph9xVQUNhoIiVcoJvDDPUwU%2Fqv1RZDFiW8JPnXDulCg%3D%3D%7Ctkp%3ABk9SR5iBsq7CZg,Used,Does not apply,,,,"15.6""",,
"NEW LISTINGHP Pavilion 16-af 16"" FHD Laptop, Ultra 7 155U, 16GB, 512GB, Windows 11
Opens in a new window or tab",https://www.ebay.com/itm/167880149237?_skw=laptop&itmmeta=01K89ECG19T097E1VCYVJWQEC2&hash=item27166fc8f5:i:167880149237&itmprp=enc%3AAQAKAAAA4FkggFvd1GGDu0w3yXCmi1cNZdFeIwVoe7uE5m300LEjArHBnIjOnUvtqK3%2FhhmlagsMjhdpt%2B%2F36Ie0zagTJJXOPYQ6Bg2XxtYYiHEef67zU3gWN0mgy9%2F8EtKBb5Y3X7XHz0VDkwp5nKHUOdOuOhHU1co1wzGj4c%2FLHkvQHZ3DZ80pKXjBI1d7vbbP6gHndbMOKum7gspiK7%2F8RQdai1tB2rkps%2BImY9WrnXGbDBJW3TyShYhoYBSeYojwuFIy%2F60%2F2k3QfnLCk9d7GNY%2B1XiRJSYu2E5ucygx%2FwHgKiWk%7Ctkp%3ABk9SR5iBsq7CZg,"Excellent - Refurbished: The item is in like-new condition, backed by a one year warranty. It has ... Read more
about the condition",Intel Core Ultra 7 155U,512,,,"16""",16GB,Pavilion 16-af0087nr
"Panasonic CF-20 Core M5-6Y57 8GB RAM 256GB Hard Drive MK1 *PLEASE READ*
Opens in a new window or tab",https://www.ebay.com/itm/286823939471?_skw=laptop&itmmeta=01K89ECG19ED6BZ6H1PSKNT3ZF&hash=item42c809fd8f:g:kaAAAeSwO~loxU7E&itmprp=enc%3AAQAKAAAAwFkggFvd1GGDu0w3yXCmi1cQko5sFyr2N1JTfhgvL%2B4pE2Hsbz91ZlWhgy1vlmR0tAvtCRKIlp8Cg06oltNb%2FCqD2C%2FXM7p%2Fs81fqwQHpJ2bPo08DvV0J94y%2FeOpHrV9lWb%2FOAL7CtThjhKJahMV5OzVLNwFp0gC%2F076omZJAW0Sr8022s8eIUDyh0712uh1f7NtSKJObrSpbof4%2BnbbN5Ixf3Sd8sAVk6KA2JjscoUKHLLq5j10J4mKf0QuY8o45w%3D%3D%7Ctkp%3ABlBMUJiBsq7CZg,Used,Intel Core m5 6th Gen.,256 GB,,,10.1 in,,Panasonic CF-20
"Dell Latitude 5450 - Core Ultra 5 135U - 32GB RAM 512GB SSD LTE WARRANTY 8/2029
Opens in a new window or tab",https://www.ebay.com/itm/397184724257?_skw=laptop&itmmeta=01K89ECG19CGZ0YFRPDW47X9YK&hash=item5c7a0ded21:g:QlkAAOSwL3Zm6Zho&itmprp=enc%3AAQAKAAAAwFkggFvd1GGDu0w3yXCmi1foTFPyK8ZfTA1Q4IHS5GUw6b8pq2FFysniI0oK5fUgH%2FKtE3Xccgb%2Bxtp6pA5uQdZ2ZLLoTorDdprObDlCtJhyLzsonXyWdbPM3Gd5L5aoyUxH5Xr3FC4kcfWy9gSoyyR11fa9xU0uMq5afAxJZ8QbfzwOw%2B2EWDnxJJJwVVnCSPFAKBvi6D1Rt3emL2sgOc8o%2FDFBDZE1lbcjOEI77dCcCsWrubCYXhbvhH0qQPFl7A%3D%3D%7Ctkp%3ABlBMUJiBsq7CZg,Used,Intel Core Ultra 5,512 GB,Intel Iris Xe Graphics,2024,14 in,32 GB,Dell Latitude 5450
"Lenovo ThinkPad T460S 14"" FHD Intel i7-6600U 8GB RAM 256GB SSD Win10Pro Grade B
Opens in a new window or tab",https://www.ebay.com/itm/286254151607?_skw=laptop&itmmeta=01K89EWE5XME02C44KFMSWZK10&hash=item42a613b7b7:g:fL0AAOSwXvFnfoYB&itmprp=enc%3AAQAKAAAAwFkggFvd1GGDu0w3yXCmi1e3xpYj%2FTLic%2B1oY7wPqotMizhxG7DLKOABdHor32dfq5NKY3mgFD7axUwsI2u%2FmnNLs3DxZUHeLsUyE0GuS1PSQxmPoB00YSaemTydK6IgoA3tuZo5eeiylD9lHB4HADLASA4v8UfzcdCigZA9GRv3tDphvDNBtI2zcqHZL69geOVOWFzt5BviObhCAQBLYhhaW0VTquZEmWnL4sodYhnWooLP01faj35%2F%2BST5xIGwdw%3D%3D%7Ctkp%3ABlBMUNjj8a7CZg,Used,Intel Core i7 6th Gen.,256 GB,,2016,14 in,8 GB,Lenovo ThinkPad T460S
"Dell Latitude 3510 15.6"" Laptop, Intel Core i5-10th Gen, 16GB RAM, 512GB SSD, Wi
Opens in a new window or tab",https://www.ebay.com/itm/197721125164?_skw=laptop&itmmeta=01K89EWE5XDFPTBVVC6T69QK4F&hash=item2e0918f12c:g:TdAAAeSwhC9o0qi-&itmprp=enc%3AAQAKAAAAwFkggFvd1GGDu0w3yXCmi1eWqSpWbAhVOCO3QRqOEu253IZN5CLr4U0XASB%2FpdrbWsa53wD2ZRKWLuYmR1anDYQ7IBnPlEXTYJY0NeJm9mqVbOQNnlYoyQ8569CBSxSuZ%2BSzU4hJ436brOv33le8FzAgmDmq%2BhGprSGeW8FlEB%2FdQBh9TGc8aelP3GNMNhIVSlA0t2FRtdFJRuWcpX091HX%2ByhQDp2AXcG6ZZji%2FTAwaJhXKOJPBJZMwJj0rmpOLng%3D%3D%7Ctkp%3ABlBMUNjj8a7CZg,Used,Core i5,512,INTEL COMETLAKE-U GT Graphics,,15.6,16,Latitude
"Dell Latitude 7420 14"" FHD Laptop 4-Core i7 4.8GHz 32GB RAM 1TB SSD Windows 11
Opens in a new window or tab",https://www.ebay.com/itm/256728255215?_skw=laptop&itmmeta=01K89EWE5X84GHSGCN3FWVC4XD&hash=item3bc6324aef:g:3FcAAeSwB0BopSh0&itmprp=enc%3AAQAKAAAAwFkggFvd1GGDu0w3yXCmi1dqS2zRN0LVj4NSuwtHJ5mSP7JE6Lyom9KQ35uVnjSXR4%2B62WCXn1UxmASyKDP5IHtE0bagzZcGoIWBo7y%2FOtxFcqRw4cwaf7Sc%2FVj79KjhXaq%2Bbo8PMMQmeM1AEuXeoBSygZHHC%2B97elDW6ZF74ULRguuu6Ju56wZ1XDwuQXzvUjJ75TxaBLDY1NQGCD0qDoaR3fb0rO%2BMahg%2FzZa8WPDH7ne0TI4hUF1wahMzKyboXw%3D%3D%7Ctkp%3ABlBMUNjj8a7CZg,Excellent - Refurbished,Intel Core i7-1185G7,1 TB,Intel Iris Xe Graphics,2021,14 in,32 GB,Dell Latitude 7420
"2025 HP Laptop Computer 14 Quad-Core Intel Processor 16GB RAM 628GB Storage
Opens in a new window or tab",https://www.ebay.com/itm/116615374410?_skw=laptop&itmmeta=01K89EWE5X14VVGDGR75B3VQQQ&hash=item1b26d1664a:g:VnUAAOSwjRtoLjwZ&itmprp=enc%3AAQAKAAAAwFkggFvd1GGDu0w3yXCmi1c7BOOnO%2BM%2F5ifSktR6R232ZxH8IlziyH46%2BqxGvr9TjW1AKmxcw3nVPZ4BHBPkOtlEUCbWebp731oERjdS44nHoHXIHrNtXDBCrHjOXjL9PtVPvWFqfPADdAI%2FK3ZfWexLpc0BtQX8%2FBbapZBxmv2gPLExvEBUBT%2FXWQYgG5bSCbw%2B8m4H9%2BZRyi6M7lxuG9lyM3fzjKKD1lpZe3WLF8fvrKlX0N2xxGu4JhhluNLD3Q%3D%3D%7Ctkp%3ABlBMUNjj8a7CZg,"New: A brand-new, unused, unopened, undamaged item in its original packaging (where packaging is ... Read more
about the condition",Intel Processor N150,128 GB,Intel Graphics,2025,14 in,16 GB,HP Flagship
"HP EliteBook 845 G8 Laptop AMD Ryzen 5 PRO 5650U 16GB RAM 256 GB SSD 14.0"" W11P
Opens in a new window or tab",https://www.ebay.com/itm/388696431750?_skw=laptop&itmmeta=01K89EWE5X8YGASY5YQA654HPM&hash=item5a801cdc86:g:PcgAAeSw49VodttG&itmprp=enc%3AAQAKAAAAwFkggFvd1GGDu0w3yXCmi1dyntoh0algv1GIbS6ByF%2Bq75EtyNxop%2BouTcKJnO1NUUNIlXmkfkjq4jMg8dDhm0pKGHKFKMSw9vHGrJZ22EUr2Y1KZwowmtRFPXpv5ERWbBCV7vCerysZVWuBOD%2FNuq3vaumAX1oK8CAiOKi1UDAb0dxwWXKR5V8%2FpExw96czmlgx%2FTlOUI6DcQgjMiIwL3BKugHgN5ffqRYpXnMaCXphM5zzp3SjNyHdLLEy1%2B%2FJUA%3D%3D%7Ctkp%3ABk9SR9jj8a7CZg,"Excellent - Refurbished: The item is in like-new condition, backed by a one year warranty. It has ... Read more
about the condition",AMD Ryzen 5,256 GB,AMD Radeon Graphics,,14 in,16GB,845 G8
"2025 HP Laptop Computer 15 Office 2024 FHD 8-Core Intel i3 Upto 32GB RAM 2TB SSD
Opens in a new window or tab",https://www.ebay.com/itm/146631372168?_skw=laptop&itmmeta=01K89EWE5YPM3T6KW28WZ8X779&hash=item2223e92d88:g:oD0AAOSwzYhoI3aP&itmprp=enc%3AAQAKAAAA4FkggFvd1GGDu0w3yXCmi1dgip8ZCYeRkIjG4bn7n69%2BdpqqEOaU%2FqfEg5GdHGUKFvDAw%2BjSwHD98ePXmSrf6hJupJ82vzHl%2FjOXYVa7ABgSQdUOHrBGVTOl4%2FaI4WDA3FPKFZp9BAZ8rPzLNw9LgRimE1S0ROjDoEB0g%2FpMXqqRt8NhxGJms7LcG%2Fj9vXAW41KK8xtBxv3BlOHJHYio3d8eRg%2BpLQw3P2VSBzKSM%2B8fGdSZ%2FnN1JO8xhB6aWMa%2BTBteDpSN0cVmzh6o8jt2SPSz%2FSAKM62ov%2BWVSLFFwufa%7Ctkp%3ABk9SR9jj8a7CZg,"New: A brand-new, unused, unopened, undamaged item in its original packaging (where packaging is ... Read more
about the condition",Intel Core i3-N305,Up to 2 TB,Intel UHD Graphics,2025,15.6 inches,Up to 32 GB,HP 15 Laptop
"~OVERSTOCK SALE~ 14"" HD Lenovo ThinkPad Laptop: Intel i5! 8GB RAM~512GB SSD!
Opens in a new window or tab",https://www.ebay.com/itm/116289085429?_skw=laptop&itmmeta=01K89EWE5YDDVQW0YVJ5KK4AXG&hash=item1b135e9ff5:g:KFwAAOSwzUpoB5v2&itmprp=enc%3AAQAKAAAAwFkggFvd1GGDu0w3yXCmi1cr55E7paEPyEF7h30CrW9z%2BHQ7x2yaNXiYykpQZTb11HerR31xkOHLcRtR1CuN7Y25SsdTLRJ44G9f6sZmDTsZtpk8pUWjifcOsMHkerv5M1r8GUyuzrX0oM4PrhdO90Bffw7cIa%2FvjChKLymBYFY68rRlWb%2ByXFYa9%2F2JN8RHgppLKOw6H0zpyc9l%2FkvpxSqKTkJ7%2BuRNPro77zprq0%2BvxdXSyyNmoCCQiNhS9RPRLA%3D%3D%7Ctkp%3ABk9SR9jj8a7CZg,Good - Refurbished,Intel Core i5 6th Gen.,512 GB,Intel HD Graphics,,14 in,8 GB,Lenovo ThinkPad T460
"2025 ASUS Vivobook 14"" FHD Laptop, 6-Core Intel i3 Up to 40GB RAM 2TB SSD WinPro
Opens in a new window or tab",https://www.ebay.com/itm/146416413593?_skw=laptop&itmmeta=01K89EWE5YPHFP69T07GZ1AHCX&hash=item2217192b99:g:5nUAAOSwwaRnmTvJ&itmprp=enc%3AAQAKAAAA4FkggFvd1GGDu0w3yXCmi1e7cocUnOKM3AegIxmuvwRNOUusy2R0tRGBnR7Tqrjsu6egnzwRbuZLWAwM7FCvWCmuYha1uha0m8tBAHaLARSSPrH1W74h4Rx7zWd2CnCg0PD5mBTTGeUknSZLL8Z0u6U%2BX1YjNYbq%2FIcZXbqSuJkOkcCLLEeURzmHLSO032R83kFHGkK%2FHWKh9FVBQ4NemC7ezCvGgR99NzYWa1UOtMXVDMSKPlk%2FKrA3BMPV2bcVMMCy7lBelyCOJs2iLYEAzEvavSAkMzcEnrgvQiC9%2BSmv%7Ctkp%3ABk9SR9jj8a7CZg,"New: A brand-new, unused, unopened, undamaged item in its original packaging (where packaging is ... Read more
about the condition",Intel 12th Generation Core i3-1215U,Up to 2 TB,Intel UHD Graphics,,14 inches,Up to 40 GB,ASUS VivoBook
"2025 HP Laptop Computer 17.3 10-Core Intel i5 Upto 64GB RAM 2TB SSD Pro Office
Opens in a new window or tab",https://www.ebay.com/itm/116774508191?_skw=laptop&itmmeta=01K89EWE5YGF73A5HJVSQKKCD9&hash=item1b304d969f:g:YEAAAOSw0dJoSZ-6&itmprp=enc%3AAQAKAAAA4FkggFvd1GGDu0w3yXCmi1f89W%2BDo6Zw2ojeeCZAklBFAnF9M7gArSgTW0p3G7f%2BKpwhKhax3XZCvXXtluRg1rllPBobNHvKm297nB8aoZAZOZleJvVNelFkdsb7xdTJhYh30ZJoQA3zzMMxsOfBZqtX5iQ1dCaRRiycXQuilXdIX%2BMGUqe7CV%2BaG0A4FPWe39gdVvmOvlKy1Br%2FMbUxEu8UxVEp7MiIKJ1ZG2yHhfHwjCgn4xCBJVEGooHK17Bw6CB1ZvujMS5zSoWLaUq6qpmGOIW0b72qJ3ETmtYqc6VH%7Ctkp%3ABk9SR9jj8a7CZg,"New: A brand-new, unused, unopened, undamaged item in its original packaging (where packaging is ... Read more
about the condition",Intel Core i5-1334U,Up to 2 TB,Intel Iris Xe Graphics,2025,17.3 in,Up to 64 GB,HP Flagship
"Windows 7 PRO Laptop Notebook PC Computer Dual core, 4GB Ram, 250GB HD DVD/CD
Opens in a new window or tab",https://www.ebay.com/itm/335462459953?_skw=laptop&itmmeta=01K89EWE5Y7323DA668H7ZK4GH&hash=item4e1b1eea31:g:L-kAAOSwyERmfuqK&itmprp=enc%3AAQAKAAAA4FkggFvd1GGDu0w3yXCmi1fV6MBVI6ARNesH12fdRLvA97vRPsOys7jkthHCkeBT4S8a8OLxqx7fQXCzzcv0wx%2FhXFXsoasVAPYzhFT65oQHcKkHwT5DsVqt4RxlL7SFs4YmEQns5fubwKWicK4KaiIghycTXB17wcBMF4eY3Ww6Gj5vKFnQYk%2F1iyQkDozzn5ypwWfhe9fDMlE3Lt1gL70JfYWOlTznxxXSC43%2FUYsh6rMi%2FBL757fOrmCHwaSskN5xRW5sOd8jzjUO%2BRbvwW2Y20s26uEKGYjbLTZ0NmIJ%7Ctkp%3ABk9SR9jj8a7CZg,Used,Intel or AMD,,,,14 in,4 GB,
"Lenovo Chromebook 300e 2nd Gen 11.6"" 2in1 Laptop - 2.1GHz CPU 4GB TOUCHSCREEN A
Opens in a new window or tab",https://www.ebay.com/itm/325344504318?_skw=laptop&itmmeta=01K89EWE5YKQ3ER4N2YRGBBR7D&hash=item4bc00b29fe:g:AUYAAOSwdrZm7Z0T&itmprp=enc%3AAQAKAAAA4FkggFvd1GGDu0w3yXCmi1c6LzRkCdJK15EiBVGjS%2FprzbSR03vsRdD9pfYFDo4dnI2vvTo2vPzpVJeEd%2FOXJzdxQi7n5lAyt%2FEx84%2B4Ug%2BPNaxdt3%2B09jKYrOzgNVCO2AqBDvhuhFP97wapi%2BjV4WFzGie2VibTZ92pgKenAn5iGN0%2FmhYlfVFur4JtdkhOSMuB4TrwukeF5HQteg2lu471u3YQpbJpafcmHqnaXQ8ZY0bcImTAEL1W0SV%2FJUplLLDRGuSY9XUqkU3lWo4xOC6%2BAEAAz9A%2BCnMg6eFPdzRd%7Ctkp%3ABk9SR9jj8a7CZg,Used,MediaTek,32 GB,intel,2022,11.6 in,4 GB,Lenovo 300e 2nd Gen
"HP EliteBook 840 G3 14"" Touchscreen Intel Core i5 8GB RAM 128GB SSD Windows 11 !
Opens in a new window or tab",https://www.ebay.com/itm/325531314734?_skw=laptop&itmmeta=01K89EWE5YS05V0C2R2Q16Q617&hash=item4bcb2daa2e:g:1lQAAOSwOJ5mWKfN&itmprp=enc%3AAQAKAAAA4FkggFvd1GGDu0w3yXCmi1cAm196ey9RrpwdTvcanJ0jvE1F8GvNDd1kaqmhsEglcZJDowdz4QbdNGL9dEPTjZ4JrZ8yU2jcNv2pKy%2F8G4dEQDjuOMzKSt3oQm3m%2Bqc1iI9DhpSRTuNlG%2BqmIZwv2dBh9yGlJlUSEbR1BOPqycHPak8kyFiT8Vmnq5ngE%2B2EmVZbJ9%2FNUNOPMQfdFi2pt47CzhsUPQeQ8JJw7v2DG%2FhpJzPUUa%2B0HDnbD3K1CvUfQikAlvC6z4jvga%2B%2BiR%2FlaDuZmjw5wp%2F0rP6xjhcSS%2Fzt%7Ctkp%3ABk9SR9jj8a7CZg,Used,Intel Core i5 6th Gen.,128 GB,Intel HD Graphics,2018,14 in,8 GB,840G3
"14"" DELL Latitude Laptop: Intel i5! 16GB RAM! 512GB SSD! Zorin Core Edition!
Opens in a new window or tab",https://www.ebay.com/itm/115671195335?_skw=laptop&itmmeta=01K89EWE5YR2KMTDB8SFRJJEYR&hash=item1aee8a5ec7:g:JY8AAeSwx5lolOwW&itmprp=enc%3AAQAKAAAAwFkggFvd1GGDu0w3yXCmi1ezytg83nZ27k2Lfu6Fs7tJrgWsMIB1PZK4Qr5qBsmxNdejX5mJunTMprOVmlRlNYVM9pHMoo%2BUdgFk97dwFtOniqZ2j%2FpyJLKES32F7A1wnXNAquedbAuGr5Fp0c1Ar%2BOV8iCyEWyWsSlA%2B3XnWYBElDlN%2Fezd5g2rOaNaVFeU0s1LyobYaxK7c3CTfUHLCUXdyWjd5AVk1xw7XoyYRp9l%2FFnUnPIExugHmpOAeovNuw%3D%3D%7Ctkp%3ABk9SR9jj8a7CZg,Good - Refurbished,Intel Core i5 5th Gen.,512 GB,Intel HD Graphics,,14 in,16 GB,Dell Latitude E7450
"HP ChromeBook 14 G5 14"" Touchscreen HD Laptop AMD A4 8GB RAM 32GB SSD Chrome OS
Opens in a new window or tab",https://www.ebay.com/itm/266817215036?_skw=laptop&itmmeta=01K89EWE5Y943TP6NRTGVPQRDY&hash=item3e1f8b9a3c:g:KDcAAeSwBBhojOYS&itmprp=enc%3AAQAKAAAAwFkggFvd1GGDu0w3yXCmi1cioF60ALxs9uNXmV5nVpF57fz5OEMXUq0EDX%2Bmnhag0nkaCjDH0vi2mCahblp4ZM40dafSCEvK6YdO1EQeudzvzh4yFIyXbCr94QPpfYu7N29GQKlC0%2FHjC6uVhEQCjEmUCVTcDe%2FSPNI0R4rvgk7Ora%2F52NTW%2FvsPwiDH9beps8Faf1MvL0Q8JS%2FgsymiM9lxYtKnXw5rH7ZHqzNFpP3ZE8EBZzHaimis1BBgZK3Vxw%3D%3D%7Ctkp%3ABlBMUNjj8a7CZg,Very Good - Refurbished,AMD A4-9120C,32 GB,AMD Radeon R4 Graphics,2020,14 in,8 GB,HP Chromebook 14A G5
"Panasonic CF-54 MK2 6thGEN @ 2.4GHz Core i5 WIN10 16GB 1TB SSD BLACK TOUCH
Opens in a new window or tab",https://www.ebay.com/itm/236127261027?_skw=laptop&itmmeta=01K89EWE5YCSQZXW3AYQSGNFGN&hash=item36fa481163:g:fgsAAOSwto5oOMA6&itmprp=enc%3AAQAKAAAAwFkggFvd1GGDu0w3yXCmi1dVTeiSHTGbcRkUJlh55QP0yv7CEzGGzGX%2F2ii6RFutitTaM9L6EXrlACCv53a3d%2BxYW7xUsi8mPR7zJTocHeeS0Or%2B8vjT5rAK3aIqMgdNYI4a6MHKbcP5%2FcDbwubqUZLXpndWobe0%2F9EwwzmvRwRC4DkGgxujkbYtllN82r%2F9saiL2KPQoPZNn971xbST1QCJO1RxRg74AUCbe2QvmVdlXn6sm8Slvigei3XVGsNXXQ%3D%3D%7Ctkp%3ABlBMUNjj8a7CZg,Used,Intel Core i5,1 TB,,,13.3 in,16 GB,CF-54
"2024 HP Laptop Computer 14 4-Core Intel Processor 16GB RAM Office 365 AI-Copilot
Opens in a new window or tab",https://www.ebay.com/itm/116345882068?_skw=laptop&itmmeta=01K89EWE5YQKZMR3TQDM7JH8RS&hash=item1b16c145d4:g:06sAAOSwy7hm~sau&itmprp=enc%3AAQAKAAAAwFkggFvd1GGDu0w3yXCmi1d9gg1KalMnzncS6Xu2cuu3jKnb2wLfHfANca5dq5dBg6Mxx0PQ%2FIzPiiBk2mngnqFTui%2B%2FB3pPW57oMrrJw8nUKTNyHoIEmAO2CxMCgvKCDEAWTpz5kf38W5ssKlIh3Ew4XoR5SSpspD5vBDR%2FZ2JDoL6kb%2BJ6oEoWsWYv9jxcDFtaH7ISygSnRLJiHUqziymOnSdQROTKizg0PahjBsCGWvH3U1iMkJVOSPhSwMzQKQ%3D%3D%7Ctkp%3ABlBMUNrj8a7CZg,"New: A brand-new, unused, unopened, undamaged item in its original packaging (where packaging is ... Read more
about the condition",Intel Celeron,Up to 128 GB,Intel UHD Graphics,2024,14 in,16 GB,HP Flagship
"Dell Dc15250 15.6"" 13th Gen Intel® Core™ i5-1334U, 10 cores 512 GB SSD 8 GB DDR4
Opens in a new window or tab",https://www.ebay.com/itm/226967934479?_skw=laptop&itmmeta=01K89EWE5Y5C7QQ8300A25HBXB&hash=item34d857d60f:g:w0EAAeSwzOZow8Pb&itmprp=enc%3AAQAKAAAAwFkggFvd1GGDu0w3yXCmi1fLT06eT5SCWH1PqPqlu5pInIqKadDhsb4jTzwlCamagIxi%2BLz5cHYQL7p3SOiDYxcxrnnD5dGwIqNPdDTX%2FAhqTuEIlKsDYMNP%2BKihqkCeQrqB9iM%2Fs%2FGsBHfORha7z1TGNBtXgEiwHKEhfCgSdoDHrf%2F%2BRWT%2FiyxqDLiILHglCifzoDtVgnnLb91z6wRG2Cw0JwekNo%2FxyFg7xYAJoZZXo%2FR1EJ1mCDMDoiVFyCB%2BmQ%3D%3D%7Ctkp%3ABk9SR9rj8a7CZg,"New: A brand-new, unused, unopened, undamaged item in its original packaging (where packaging is ... Read more
about the condition","13th Gen Intel® Core™ i5-1334U, 10 cores",512 GB,,,"15.6""",,Dell Dell Dc15250
"ASUS VivoBook 16"" WUXGA Notebook Intel Core i7-13620H 16GB DDR4 RAM 512GB SSD
Opens in a new window or tab",https://www.ebay.com/itm/296584849936?_skw=laptop&itmmeta=01K89EWE5YBEDSK1E8ZGKEHR72&hash=item450dd5aa10:g:Gc4AAeSwQ~Fo3FLp&itmprp=enc%3AAQAKAAAA4FkggFvd1GGDu0w3yXCmi1d4rKwJpdktrFbWeHTUfP5IkhIrZrYw47L51my1A5TDVLVrtQZY2HgCX74XUa4jnxtlKnE%2FElzSROE87etUT5UInR7DSPmKjtM8Bn%2BmFtrv1Up0wNRPWAlR0R%2F0sOBamXG5eeRvP2LEc9rL9Z%2B2dW6ndpYUt1h0UOVQxjzm%2Fmq0CLWtNZYhTMJWmyd7zx6Uq1hWrIMzGite2GlQ6CynU392LKLx%2FgXofPj5FeKe1QLAznuZvXm4C1dSKPgzty5%2BPPtsMUKHQ0japO4ChKg1NvXU%7Ctkp%3ABk9SR9rj8a7CZg,"New: A brand-new, unused, unopened, undamaged item in its original packaging (where packaging is ... Read more
about the condition",i7-13620H,,,2024,"16""",,F1605VA-BS74-
"NEW LISTINGLenovo ThinkPad T14s Gen 2 i7-1185G7 16GB Ram 256GB nvme Windows 11 Pro
Opens in a new window or tab",https://www.ebay.com/itm/257171500026?_skw=laptop&itmmeta=01K89EWE5YESGZKWKK931ZXNX0&hash=item3be09dabfa:g:nBkAAeSwmoZo-jwu&itmprp=enc%3AAQAKAAAAwFkggFvd1GGDu0w3yXCmi1eZgqC3R91fTXirA7aehs%2FGgQBHAdHHhbeswreCxzQnBJZ1OsOwpDMHoI%2FhBFYwtSCo%2B9o7ZTrZap0YifycLSmAS%2B8gnCu9t2KMVgOBi0LaoOpZ54W7CK6XyI%2Fwnsjz3yj6itAi77PaXMlqhjUXci7%2FZmMd6KKkfBC1Dfe%2F3Rr3A809TZuE4EamxA5g7%2FdqOJUfUonQgCNXWKHzzvHJOxtf7m6D9bRKwiBwlt8derm7tg%3D%3D%7Ctkp%3ABk9SR9rj8a7CZg,Used,Intel Core i7-1185G7,256 GB,Intel Iris Xe Graphics,2021,14 in,16 GB,Lenovo ThinkPad T14s
"Dell Latitude 3320 Laptop 13.3"" HD Core i5 4.4GHz 8GB RAM 256GB SSD Windows 11
Opens in a new window or tab",https://www.ebay.com/itm/265741526047?_skw=laptop&itmmeta=01K89EWE5Y7WM3G78G3KY5TTBR&hash=item3ddf6de41f:g:6R8AAeSwCPxov9dB&itmprp=enc%3AAQAKAAAA4FkggFvd1GGDu0w3yXCmi1dDgH46153dWJpQj31RNiWTfToIRMaYPUpUZPoWgWQw4OhvIQOMH3fPIOimXYFkJBUTVs5IrHbqFP5k54C7l0wdkrjIMop9yIOqEd9yppBw8frQ1NXutzHFUEttl479DidvA8EqAaoTmQb2IkPcknpX6w0w%2FHH4dN0K8zLScEEVYq3%2Bwfz5d0uhO2Wpk3gXvO%2FSRG7rA3Z3Ft6t3zDwcISoPoFKm9SDRscGrmes9ZZfvXzgs4OXl%2F7r6%2BRncwhgZMwvTOrk4srNodqnFtTMipKb%7Ctkp%3ABk9SR9rj8a7CZg,Good - Refurbished,Intel Core i5-1145G7,256 GB,Intel Iris Xe Graphics,2021,13.3 in,8 GB,Dell Latitude 3320
"Dell 15.6"" Touchscreen Laptop Windows 11 Intel Core i5 4.40 GHz 64GB RAM 4TB SSD
Opens in a new window or tab",https://www.ebay.com/itm/335720448847?_skw=laptop&itmmeta=01K89EWE5Y3CP36PKCJNJ9SSWE&hash=item4e2a7f834f:g:SJ4AAOSwH5poBr2V&itmprp=enc%3AAQAKAAAAwFkggFvd1GGDu0w3yXCmi1fTwFRQsjIc%2Fe5Xo2mKsbOzTO2jlQ7MTQN3f8wF5sFgpknj9ozM7amlyTS8QdzhAVqSPcTCERpB2IyVFKIGpz6D4ExnvApMeY7Kbyhc%2B2YSjftsf2B4UTcNcINORQvghVN6KbvBWyH8FgZBwwljNRmwJT%2BYmppb6KaD5CxNubxRpMcPcN3RWyNyo1A6DW%2FlCuLRCWtrMcSD6gyyYLdW9YaOEghSMNnd7cYTwWKF89ZIGg%3D%3D%7Ctkp%3ABk9SR9rj8a7CZg,Very Good - Refurbished,Intel Core i5 10th Gen.,,Intel UHD Graphics for 10th Gen Intel Processors,Refurbished in 2025,15.6 in,,Dell Latitude 5510
"Lenovo - IdeaPad 1 15.6"" Full HD Touchscreen Laptop - AMD Ryzen 5 7520U - 8GB...
Opens in a new window or tab",https://www.ebay.com/itm/205568150478?_skw=laptop&itmmeta=01K89EWE5YY13N056RCWG9TX2Y&hash=item2fdcd10bce:g:95QAAeSwQP9o98xy&itmprp=enc%3AAQAKAAAA4FkggFvd1GGDu0w3yXCmi1ekl2WhQSlrsFyRF7wlV2UT68NLVV4QEG3M6G7cJj0VCfJP012PGUNZfFM5aKxx95sj5LyKEy%2F4WIaM0EySATWBijKPy5%2BdVjzMpmdOL%2FCZH7SR%2B%2FxqAsnfMXibNWmDtI8e9gflRQPyLcJFjT3YsWfWkm1RLCBu0Tp%2FoBttFUT3EhIIavog9lRVOxnJ77sMCqDJ0vTKacfDw14KGB7nqV%2FyjgoqOx4ag%2FQNVZttIWr%2B60nFx1fPhKWeU4hjwIyUIS8DQGQOk9PyX192E%2BxC8jzA%7Ctkp%3ABk9SR9rj8a7CZg,"New: A brand-new, unused, unopened, undamaged item in its original packaging (where packaging is ... Read more
about the condition",AMD Ryzen 5 7000 Series,256 gigabytes,AMD Radeon 610M,,15.6 inches,,
"HP - OmniBook X Flip 2-in-1 - Copilot+ PC - 14"" 2K Touch-Screen Laptop - Inte...
Opens in a new window or tab",https://www.ebay.com/itm/197449081237?_skw=laptop&itmmeta=01K89EWE5Y2SN1BW20ADYMGX9R&hash=item2df8e1e195:g:cUoAAeSwPH9o-Rrm&itmprp=enc%3AAQAKAAAA4FkggFvd1GGDu0w3yXCmi1cp7ozvJJwuADp0Tc2ZfxRpsH8S2f0eg2wfO9EGTVV4NV0s6uS9qwjZvP9623EC1UrcuBKhKK55nfPHpVcwPa01pD1WntPMqYTglFoC1H%2BX0HOIVbIUKxnZrz%2FcfJvl1TyUUTzCodeXSU9MGxnfgXIiqZzn5ILnDNSBvuILmQx0kNWxyuQswwP3h3%2FPpK28Uz751my2YuoxAaNHwDyJGLrIBw%2FGALi0DObwOQ0IuFSm1VVAA%2Bo6Z8d7j61KCdxLhYk2xvT%2F59kbpOzxmmVl15d6%7Ctkp%3ABk9SR9rj8a7CZg,"New: A brand-new, unused, unopened, undamaged item in its original packaging (where packaging is ... Read more
about the condition",Intel Core Ultra 7 Series 2,1024 gigabytes,Intel Arc 140V,,14 inches,,
"Dell Latitude 3380 Laptop | 256GB SSD | i5-7200U | 8GB RAM | Win 10 PRO
Opens in a new window or tab",https://www.ebay.com/itm/285872794132?_skw=laptop&itmmeta=01K89EWE5Y144QWAB4VW8W5E9Q&hash=item428f58aa14:g:aukAAOSwwZBjuNnl&itmprp=enc%3AAQAKAAAAwFkggFvd1GGDu0w3yXCmi1djlTWuiR3tMAJr%2Bam7GyjjW8CEl3EBxQR973iVeF5hC%2FkyNKbWeyVjL8TKv4EUXtHdkqKDUzt1hkj3I%2BH%2F6iLPTssXHdD0dcKqUALAFw994G2Foh2jSNHBPwKqlr9LstkLhbmPMnvJBd1WBYf%2Bh4QqeZqExqdP6rFh6RbUNSRR%2FoeDAUPQnSK6a9iiBFEU4kmqvyWyOrhuTNfhiOcaIAcFT4pJlbThy8tj18idHfGg%2BA%3D%3D%7Ctkp%3ABk9SR9rj8a7CZg,Very Good - Refurbished,i5-7200U,256 GB,Intel HD Graphics,2013,13.3 in,8 GB,Dell Latitude 3380
"Lenovo - Legion 7i 16"" 2.5k OLED Gaming Laptop - Intel Core Ultra 9 275HX - 3...
Opens in a new window or tab",https://www.ebay.com/itm/205579362586?_skw=laptop&itmmeta=01K89EWE5YEXEZNYY1YQKH4KMC&hash=item2fdd7c211a:g:3k8AAeSwluho-La7&itmprp=enc%3AAQAKAAAA4FkggFvd1GGDu0w3yXCmi1cSZG6oVdOVr5tXlhns9oPK%2F8K6JeL8TQUjdpPViPTzu%2FTU9V1nBNvnPJDUVFWQ%2BAhBSzCyVasim5M%2Fp%2BlT4uqO40Jy9UL20qCss5zbEsqVVGE4%2FWHeLb8WGOHalLXp4IrTACJo%2FBSQs1rC6h8lL0o4uJxOcWP5VLL1HL2jIn7%2B67aW8XRJmijRZOvwbwJkvymz8YP5TLxNNlntaOAJ1rLuL0pirnugHiCdvUMaaqj9zruPczmhkbIVaZpPC16TAzgk3jpskuhm%2F5xS9%2FS3i4%2B6%7Ctkp%3ABk9SR9rj8a7CZg,"New: A brand-new, unused, unopened, undamaged item in its original packaging (where packaging is ... Read more
about the condition",Intel Core Ultra 9 Series 2,1000 gigabytes,NVIDIA GeForce RTX 5070,,16 inches,,
"Lenovo ThinkPad T480 14"" FHD i5 8250u 32GB 512gb NVME WIFI CAM WIN 11 PRO laptop
Opens in a new window or tab",https://www.ebay.com/itm/225773282237?_skw=laptop&itmmeta=01K89EWE5YGJ466FWQ9QKFHAPP&hash=item349122e3bd:g:rIwAAOSwkxVkTFbY&itmprp=enc%3AAQAKAAAAwFkggFvd1GGDu0w3yXCmi1fUmnqZtFzL9i9eczqHrPR9yhBFkM4sF%2Bcruc%2FYqj05TuILqn1TQXLnSht6RLfpVeIF8d8vUdUQlkpqIrTV134rRbBcQsqa10N4hmEZYQ10KsuYbHLwK8Gb3PVKQxOiWoOuJm9MRMs6pkZaBWLN6NnYfgzEZqdbV0mJFKziUz74UY0IQhb%2F3yQP%2Fsq3kg1NzXlqwmqYmnwFbCt7isNpvzn7UvY%2F4nF71lXKsbhSfMut2A%3D%3D%7Ctkp%3ABk9SR9rj8a7CZg,"Excellent - Refurbished: The item is in like-new condition, backed by a one year warranty. It has ... Read more
about the condition",intel core i5 8th gen,512 GB,,,14 in,32 GB,Lenovo ThinkPad T480
"Dell 3189 2IN1 Chromebook 16GB eMMC Intel Celeron 1.60 GHz 4GB RAM Laptop GIFT
Opens in a new window or tab",https://www.ebay.com/itm/167784961173?_skw=laptop&epid=12024513862&itmmeta=01K89EWE5YDJ7XDJ6RDJ8KTVT5&hash=item2710c35495:g:hYMAAeSwwG5opgXu&itmprp=enc%3AAQAKAAAA4FkggFvd1GGDu0w3yXCmi1dl9gDvLxgO69shdjV3moGR2v6xwppoEv02k2ikTSH0ZgslIdLHFlCn2x8NzQS9%2BZ5AXUfQCFDeUip2ynz0DnwFd6dCaXr1qYh2Ke3KM5GPgK4nYrG75ZGqr%2FY2oQHQuKK74BZx7BllyLhSmzQofknJ0fb4cTbDzyKWrXkIzY6StjnGYhPBOVn3JK2alGHV9WxEYn7uB4OafhxM%2BAgPYhRwsT7P9O5GE1eaT2LmHwQh1mbh5LzMUGn4yFRgYCBGCKRRZTeaORX3twnm0y1Q8%2BT9%7Ctkp%3ABk9SR9rj8a7CZg,Used,Intel Celeron,16 GB,Intel HD Graphics,,11.6 in,4 GB,Chromebook
"FHD Dell 2-in-1 Laptop PC: Intel i7-8665U! 16GB RAM ~ 512GB SSD! Windows 11 Pro!
Opens in a new window or tab",https://www.ebay.com/itm/116289144463?_skw=laptop&itmmeta=01K89EWE5YXX3XFEKS3VSSP02X&hash=item1b135f868f:g:j-4AAeSwz89o5nCU&itmprp=enc%3AAQAKAAAAwFkggFvd1GGDu0w3yXCmi1eJ1HnUXhuWtxAtbhTGmNLTLGz%2BKTZ0z2J9lNTmQ3HDU7UnnaqJEfJI6RradZ9%2B3JXYNoZ8JMSdMMhB82IAvM4jT5vbsjadTl3WA4CMCxs8qHyieOecOLY98RzV7wJMTj4Q%2BgyYd%2BAo8vsq7wE0nVYyGNyfMDteS6M2tr8XvHwBoLVJ6T2u49Kie%2B%2BhnYDl%2B3glAf6oSdRO9Cvzzov80wY2XOGTqIB%2Fs5ymsSVYapoDZA%3D%3D%7Ctkp%3ABk9SR9rj8a7CZg,Good - Refurbished,Intel Core i7-8665U,512 GB,Intel Iris Xe Graphics,,13.3 in,16 GB,Dell Latitude 5300 2in1
"Dell Latitude Laptop Core i5 13.3"" HD Touch 2-in-1 8GB RAM 256GB SSD Windows 11
Opens in a new window or tab",https://www.ebay.com/itm/286068793851?_skw=laptop&itmmeta=01K89EWE5YZJ9A5NGPPBCN1X72&hash=item429b0761fb:g:zmoAAeSw9jVo23Sx&itmprp=enc%3AAQAKAAAAwFkggFvd1GGDu0w3yXCmi1ejC%2FUHHkW9tncQi9bEAV80WIKovvZW1ZlGw2MB3%2BReGMbtZoiT%2FMiciqs2c6%2FCZK0XDBHDvEC%2BXqNN9f0O04LXnQQg1dR%2B46lvSiU0ZKuzGNHCDo0Nxg3SKcAvie%2FTURgFSr9I09bUSxJl9Sa3wpcIZxbqNgjvoxSfJjEliNOPLeWaVLaPh2kUAb1Hh5I3paO%2BkyjbFOju7Fbg1CVpB2mgcjt7H2Hk81DlGv4XGrxfIQ%3D%3D%7Ctkp%3ABlBMUNrj8a7CZg,Good - Refurbished,Intel Core i5-8265U,256 GB,Intel UHD Graphics,2018,13.3 in,8 GB,Dell Latitude 3310 2-in-1
"2025 Newest HP Laptop 14"" Quad-Core Intel Processor Up to 16GB RAM 384GB Storage
Opens in a new window or tab",https://www.ebay.com/itm/116623891601?_skw=laptop&itmmeta=01K89EWE5ZMZBGJACH8FTKJSRA&hash=item1b27535c91:g:T2IAAOSw3AZoN4Kk&itmprp=enc%3AAQAKAAAAwFkggFvd1GGDu0w3yXCmi1feTL0CKtO3GQ2%2BfSnHjixr3t3UttWw37qAb97NTOl9Hno5AwDdvrZv5rUd9sETv%2B9OQP%2BZmz8h9jUVOWb1CGSzVR%2Fl1EOF5R2GMdEzQVPGozpj5Apcd0jY8F5ABY1Nf%2BXMATlxEBWC9a71Us5y990XM7KpU%2FX4b%2FcCeJ0SpvBAodBulM%2Fs1D%2Bvzt3%2FvUTcZUvrCW0RG79kSy%2Bcmfgrt7kHwXYvEtKMCpIYb2Rp6StbWQ%3D%3D%7Ctkp%3ABlBMUNrj8a7CZg,"New: A brand-new, unused, unopened, undamaged item in its original packaging (where packaging is ... Read more
about the condition",Intel Processor N150,384 GB,Intel Graphics,2025,14 in,Up to 16 GB,HP Flagship
"SGIN 17.3 inch Laptop 4GB DDR4 256GB SSD Intel Celeron Up to 2.9Ghz Windows 11
Opens in a new window or tab",https://www.ebay.com/itm/236336661736?_skw=laptop&itmmeta=01K89EWE5ZSPRYRPQ611Y0SHNP&hash=item3706c344e8:g:RDQAAeSwJFpo0Q-v&itmprp=enc%3AAQAKAAAAwFkggFvd1GGDu0w3yXCmi1cR%2Bcl9eVndgW6sB9UT9Wmr0e4fvaUkFBTNvxOLkr3ZyuO5KkIeSJJWAEYvKU2dcy3jXpWuZeAf4mxknTy%2BxTnh5DU%2Fj7LPecojxIe8Vqs2MRBknSuE9ktRnsJsRF551aRd%2BFdz9YyLyf5H4aXNXHYzmRClXZqqZetbBYARr4%2BstrBh5nWIno9nwZfjlRzoIqoGkuC0c5ztAiKpDuiM0ttBFBRjMwHfOBackUwZu10KUw%3D%3D%7Ctkp%3ABlBMUNrj8a7CZg,"New: A brand-new, unused, unopened, undamaged item in its original packaging (where packaging is ... Read more
about the condition",Intel Celeron J4105,256 GB,Intel® UHD Graphics 600,2024,17.3 in,4 GB,SGIN M17P
"Dell Latitude 5320 2-in-1 13.3"" Touchscreen Core i7 32GB RAM 512GB SSD Win 11
Opens in a new window or tab",https://www.ebay.com/itm/267158006040?_skw=laptop&itmmeta=01K89EWE5Z64FBE40TZTT6P5RP&hash=item3e33dba918:g:Wi0AAeSwbcZo3JLs&itmprp=enc%3AAQAKAAAAwFkggFvd1GGDu0w3yXCmi1ehQ8k4FFBwpv65avfiiJmRK%2BrUn0Vr7Fukz1o8T7qbSzR%2Fb7l6bWsN0mXH8v%2F%2BXgMqzdMQ5puNBsvsQW%2BRaYue%2Bug7H6avaivh%2BbOmBrjM1J0EBaL3HBOTowd0tMfZiU9R7JqNKSbpqlJ430Y%2BNWQO2UgR95HE4UD6nNkOgsxXnGb5ENVfBHPGH8pxS1Jzh%2F3MxPx3TVVLuYDkK6n0g8hJAQ2x4igrWzBP9WIREkDcIQ%3D%3D%7Ctkp%3ABlBMUNrj8a7CZg,Good - Refurbished,Intel Core i7-1185G7,512 GB,Intel Iris Xe Graphics,2021,13.3 in,32 GB,Dell Latitude 5320 2-in-1
"Windows 11 PRO Laptop Notebook PC Computer, 8GB Ram, Webcam, Wifi, and HDMI
Opens in a new window or tab",https://www.ebay.com/itm/235711075450?_skw=laptop&itmmeta=01K89EWE5ZESSMDZPZ3XM63ZEG&hash=item36e179947a:g:KMMAAOSwJlFmyVxM&itmprp=enc%3AAQAKAAAAwFkggFvd1GGDu0w3yXCmi1eNCCWPrtVmRgtzu2Tc0SJB4NJawDzZTLYYJP%2BugEkGpAjDth5EMmOV%2F05Fq5FkG6k%2F4Rp%2B4clG8r0EFtUd3Kgk7s5Adyhgczs69T3QPV6q0P56MOjML7O%2FFFxy6s7XGwk2JC%2Fm%2F03bTME1LlytaE7Zcg4NKCQJJ8RzkRgk6y31KjYWrfAQ9UdWNONguKePWt6ISeb%2F3ZmimeULQ6%2FztChTgrE9aDEgDv%2BRH1eK%2F9htXA%3D%3D%7Ctkp%3ABk9SR9zj8a7CZg,Used,Intel or AMD,128 GB,,,14 in,8 GB,
"2025 Dell Inspiron 15.6"" Laptop 13th Gen Intel i5 32GB RAM 1TB SSD Pro Office
Opens in a new window or tab",https://www.ebay.com/itm/146864930089?_skw=laptop&itmmeta=01K89EWE5ZN0SF8Q8V71DQ320N&hash=item2231d4fd29:g:tsYAAOSwkaRoSd6U&itmprp=enc%3AAQAKAAAA4FkggFvd1GGDu0w3yXCmi1fro1EV1LrjwE7dFzg7tTP0EpS8a5ORHtHD%2BEiAhhKM2UuPDPP%2BooYeT%2FhCZLf9k%2F8azGUWJ0TiTvkbujiZl0eVYnNi3oYXFGCI%2Fyw8X4LMZ9OShe5n%2BRklI0IyhLlPqGKTgAKik1l3trBG1pc35%2Br%2Fr9Ntbi9CcWGEkIxX9%2By8e0ckkTa9QPEbk3cGIg%2BWrPcxNeo6Slx2uNu5vqFQZJ8nBETkVqraNHICLYYQPZRGbtp3KqDLU2S4Wx0v47ellHKu5NkMW79lsgNg5JBNFwM5%7Ctkp%3ABk9SR9zj8a7CZg,"New: A brand-new, unused, unopened, undamaged item in its original packaging (where packaging is ... Read more
about the condition",Intel Core i5-1334U,1 TB,Intel Iris Xe Graphics,2025,15.6 inches,32 GB,Dell Inspiron 15 3530
"Business 17 Inch Windows 11 Laptop With 128GB / 256GB / 512GB SSD Intel Celeron
Opens in a new window or tab",https://www.ebay.com/itm/205776214742?_skw=laptop&itmmeta=01K89EWE5ZQHDVKFQBGZTT6ZZ1&hash=item2fe937dad6:g:l4UAAeSwhvdo6K9e&itmprp=enc%3AAQAKAAAAwFkggFvd1GGDu0w3yXCmi1cwh%2F1n5elxtRphNFnuzmfdsZbvK%2Fn4twHxV1lHIVOMzeuMnuUzYiOshQHJ4iVthWxrdzz1FCHqy2%2BOl6low8oJ5nEY9wsIa%2FjPRs5%2B8E1MwtJ6imvz4%2B9JcC%2FogfHXApG5RJaa%2FzYiEv9rZsAFaOaYRxdhPIYbbStIctdwy57d4ZK5ikTHqvKbqHoIiJHM0E7Mmj3q4y%2FGXmRrvv0U1hwsc7BkCm0NNjiFQkCsIWV8KQ%3D%3D%7Ctkp%3ABk9SR9zj8a7CZg,"New: A brand-new, unused, unopened, undamaged item in its original packaging (where packaging is ... Read more
about the condition",Intel Celeron,512 GB,Intel HD Graphics,2024,17.3 in,8 GB,SGIN M17
"HP - Victus 15.6"" 144Hz Full HD Gaming Laptop - AMD Ryzen 7 7445HS - 16GB Mem...
Opens in a new window or tab",https://www.ebay.com/itm/197526475368?_skw=laptop&itmmeta=01K89EWE5ZTBBG096DM56JMVWD&hash=item2dfd7ed268:g:feAAAeSwx7do759d&itmprp=enc%3AAQAKAAAAwFkggFvd1GGDu0w3yXCmi1flbnENeVrWm%2Fl%2BgFOE0qSxwOMWU5VcccRfI0jZP9Wl4P%2FRAegpakCY9wTv3l61W1alxqki5sPwcoUk5XhgFJdhdYyNDLitkV63wXtDnSJgBewIwhYxOM8c9LnFvEWmpVxMs3n6TeRwbn8cENAPEfIZwmkIf7iPhQondU2a24eV8SINBTiKkqdbSCfI6c3EXbUtPfnhvNXM9ipBswOnhPhXDtk1nCNg4gs7zi1sI3X9qg%3D%3D%7Ctkp%3ABk9SR9zj8a7CZg,"New: A brand-new, unused, unopened, undamaged item in its original packaging (where packaging is ... Read more
about the condition",AMD Ryzen 7 7000 Series,512 gigabytes,NVIDIA GeForce RTX 4050,,15.6 inches,,
"Acer Aspire 14 +AI Intel Core Ultra 5 226V 2.1GHz 16GB 1TB Certified Refurbished
Opens in a new window or tab",https://www.ebay.com/itm/256960845305?_skw=laptop&itmmeta=01K89EWE5Z8G2HTYDXW2JPMCTG&hash=item3bd40f55f9:g:AysAAeSwIcxo4~rq&itmprp=enc%3AAQAKAAAA4FkggFvd1GGDu0w3yXCmi1f4piENhALm%2FeG1xAr%2FevvUpCPFuSRV%2B9Zi%2BO9l8glXU0Oq2utguAUqgYiDKXG4%2BT%2BarkForO%2FCJ3cNhxa3kLpAAo6HLb%2Bxdek6mmp33hvInCeq1aKqMCDiKVktg6gJAle9RVtoCipx6wZ11Tb0zviJVsz7V4WciNOsjhoBUh8mcEj3YUJ%2FYIW4BsdW56YDvI6sITQdz7wN4DZZG6rCnGFD7K4xbIfWCTKBfJrmuBhL7wygKsgFSd%2FhT%2BATWmQ7tT4K6tLWAGym2Dm6u7QjUApT%7Ctkp%3ABk9SR9zj8a7CZg,"Certified - Refurbished: The item is in pristine, like-new condition. It has been professionally ... Read more
about the condition",Intel Core Ultra 5 226V,1 TB,Intel UHD Graphics,,14 in,16 GB,Acer Aspire 14 +AI
"ACEMAGIC PC Laptop 17.3"" FHD Netbook Intel N97 16GB RAM 512GB M.2 SSD 2.4G/5G
Opens in a new window or tab",https://www.ebay.com/itm/355847746302?_skw=laptop&itmmeta=01K89EWE5ZBEVJ9XRJR5NJS2VQ&hash=item52da2db2fe:g:9RMAAOSwcldmiVx-&itmprp=enc%3AAQAKAAAAwFkggFvd1GGDu0w3yXCmi1dK8Z7QkMo6WtwblLE4QUoFfnTEr3nkbtNv5Lo%2FZB8Qo%2B9wu0Ju5sODPP%2B8%2Fwi2FF%2BhxCsMCTKrIPPDj135AST37glOAAOUyRF3NZofr1%2FH0qpQbPl%2BW1hBioor8NAPLtnD%2B8jnWPrRcUVAuqC8dE7JqNu4x5uxbEEaX%2FgUmxpIq2utCpX6st1FQqIFiGt%2F%2BrdjquxAOrfrLcDY1etd4XDhO7xb77Z4dDSzcTzssuSaUA%3D%3D%7Ctkp%3ABk9SR9zj8a7CZg,Very Good - Refurbished,Intel Procesador N,512 GB,Intel UHD Graphics,2023,17.3 in,16 GB,Intel
"Lenovo ThinkPad T14 14"" Laptop AMD Ryzen 7 4.1GHz 16GB RAM 512GB SSD Win 11 Pro
Opens in a new window or tab",https://www.ebay.com/itm/266979553064?_skw=laptop&itmmeta=01K89EWE5ZHGR9MJ25ZEE0MRB8&hash=item3e2938af28:g:4sQAAeSwBMlo-HTn&itmprp=enc%3AAQAKAAAAwFkggFvd1GGDu0w3yXCmi1e5usOUjXTmzFW%2Fd%2FQWCp%2FgMSxBn7pFXJjTjA0UBbuybaVYM0dN2sN4U%2Bg7HPPGUsCotnNx1KF%2BhrOJAgnaVHdBBPgAxRReowkfjZ8vxvHDp1mxbt21QwrGh3oz01blDWZToAHBpQj7riLyKZLNW2NuMkDyodYm91Fo5H7Xyh36%2BBk18cneVA--Fy4ibn5toYPHwe5YknCVzGOQvCnkGGLfGrgPx6K9XkPuK0888ciLxA%3D%3D%7Ctkp%3ABlBMUNzj8a7CZg,Good - Refurbished,AMD Ryzen 7 PRO 4750U,512 GB,AMD Radeon Graphics,2020,15.6 in,16 GB,Lenovo ThinkPad T14 Gen 1
"HP X360 11 G6 2-in-1 Touchscreen 11.6"" Laptop Core i5 8GB RAM 128GB SSD Win 11
Opens in a new window or tab",https://www.ebay.com/itm/265038069230?_skw=laptop&itmmeta=01K89EWE5ZD46BKZ147AE1M53D&hash=item3db57ffdee:g:Yk0AAeSw38xo-Hmv&itmprp=enc%3AAQAKAAAAwFkggFvd1GGDu0w3yXCmi1eWmgIZHrFYX%2Ft%2BoVzBNsLwPgjI3IFG8DOBbPqqKD36t1W4lz2%2F8qHKMxICuMdZt4VQYYFRpNP3O%2BgA7iVZfhdGAwiUpRtlhHU1dst%2BlHgEuITMNlF7r9Rg1%2BoLHLFPxYyk0rMnAsa5Uh9H%2BC6AIQsLwqyVVr%2Bkhz2ds1LXhLItCZTrbHy4Y9CFiKl%2BN08FjOjlYY2fZpXzIXVePANH1Ftf%2BasQJz%2FsrqQndq%2BQ%2B457ig%3D%3D%7Ctkp%3ABlBMUNzj8a7CZg,Good - Refurbished,Intel Core i5-10210Y,128 GB,Intel HD Graphics,2020,11.6 in,8 GB,HP EliteBook X360 11 G6
"Dell Latitude 3310 Laptop PC 13.3"" Intel Core i3 16GB RAM 256GB SSD Win 11 Pro
Opens in a new window or tab",https://www.ebay.com/itm/254654754368?_skw=laptop&itmmeta=01K89EWE5Z0D215NC16GX4P2E8&hash=item3b4a9b2e40:g:9qQAAeSwd9to10Sy&itmprp=enc%3AAQAKAAAAwFkggFvd1GGDu0w3yXCmi1eMfNFKRVQEeEaZALtgssOn8rwLSUupwozYpJVfsFq3RM655m3yPTSvAL3K0YpbmQr%2BKYE6fY92dnngWj3VcGS844NaxuviXlURW8SN0vLkSyczFgu9NZP6oFM9PczeOclipN%2BmrLBWap9pA7tvy4s2Lu1v4Sv7V5AOx4%2B%2FxXMnd4TFB18v%2FzelGdLNA5u9cKh6iTKvIleStEKabFZ1DBhhAc%2BEH8A60wl2bxUxGs7y1Q%3D%3D%7Ctkp%3ABk9SR9zj8a7CZg,Excellent - Refurbished,Intel Core i3-8145U,256 GB,Intel UHD Graphics,2018,13.3 in,16 GB,Dell Latitude 3310
"HP 14"" FHD Laptop Intel Core i5 2.8GHz 32GB RAM 2TB SSD Windows 11 Pro
Opens in a new window or tab",https://www.ebay.com/itm/136570361211?_skw=laptop&itmmeta=01K89EWE5ZVKXB55B0XW526AQ1&hash=item1fcc3a557b:g:aQAAAeSwCl9o5E9F&itmprp=enc%3AAQAKAAAA4FkggFvd1GGDu0w3yXCmi1dp4UBgEHVQbpIFpmZTKbkOSXjS0lv5W6a6hfMWZbZ0NautTo4rZWRH9U7CmSGBAFayUSK3x2tPrrccWGLXmsjzsPLKR5%2FZfnulIRytSKiwSPqDOGdx%2BbZeiu04VbLKv4bNsggMFp%2BFKTv9wMj1BgRtR81QnVg6NEZ9BkO0kuakg62cXvMCCE1w%2BNwrXEBGy44sNnkDmAEST9TqvUtN5YlHVrWoZMT3kqtnc3plOgS2S3y14ueHj%2F3xkyG1V%2BW%2BOPwiM4EWANlhuJyHLSW9AH6L%7Ctkp%3ABk9SR9zj8a7CZg,Good - Refurbished,Intel Core i5 6th Gen.,2 TB,Intel UHD Graphics 620,,14 in,32 GB,HP ProBook
"Dell Latitude 3310 13.3"" Laptop Computer Windows 11 PC Core i3 4GB RAM 128GB SSD
Opens in a new window or tab",https://www.ebay.com/itm/254721073657?_skw=laptop&itmmeta=01K89EWE5ZR8F4Q271WS4CFM9G&hash=item3b4e8f21f9:g:1OMAAOSwFZJn2iKk&itmprp=enc%3AAQAKAAAAwFkggFvd1GGDu0w3yXCmi1f1VDyaE0hn7P0W3DupaooCAtfo0g9RnqNgDhM63svX27e1wrl3y5VBfSivtCwKH0g9yyvFpI8O40GQrqm6b7x07szk5VPKqsKFYqTaXQYKLAqRsvsopqN8O0RewkRYBRnbo01pNJyJTrsgtvs%2FC%2BsyneDFN72zYd2uPE3d8m%2F7NXvkr41Jy6a62zWXeNNS%2FMu1vN40qEDBmYJizAqgh9mdu1t1JmgiTICtjxvTGFFJmw%3D%3D%7Ctkp%3ABk9SR9zj8a7CZg,Good - Refurbished,Intel Core i3 8th Gen.,128 GB,Intel UHD Graphics,2018,13.3 in,4 GB,Dell Latitude 3310
"Lenovo LOQ-E 15.6"" 144Hz Gaming Laptop i5-12450HX 16GB RAM 512GB SSD RTX 3050
Opens in a new window or tab",https://www.ebay.com/itm/126480962681?_skw=laptop&itmmeta=01K89EWE5ZJ4271A7FR40BJMM7&hash=item1d72da5479:g:YxEAAeSw3chozdol&itmprp=enc%3AAQAKAAAAwFkggFvd1GGDu0w3yXCmi1eMW%2FP54m4YDOCe0qMWR2HfPXMzXvSI7C8PxHcnrVHrhRg%2FpF0x4jtYb%2FB0an36id9zDZf0rsWQW471yiU%2FMYPeHzmQTtEVbrHHn69FIF2L7bVN2afDk%2F3Uv%2B%2BzDi7c5LZ5XUur0zviKx7%2FZC3j0VMDV00UpfVIwwQpX90D%2BlJ22j4Kjedz2Ye%2BTLLicP8NorTMlXicszahYCjxpenGxhZpmOOkPLhtHwV1e9lhaYC0zw%3D%3D%7Ctkp%3ABk9SR9zj8a7CZg,"New: A brand-new, unused, unopened, undamaged item in its original packaging (where packaging is ... Read more
about the condition",Intel Core i5 12th Gen.,512 GB,NVIDIA GeForce RTX 3050,2025,"15.6""",16 GB,83LK00CVUS
"HP ELITEBOOK 840 G6 14"" Intel Core i5-8365U 1.60GHz 16GB RAM 256GB NVMe
Opens in a new window or tab",https://www.ebay.com/itm/126809661320?_skw=laptop&itmmeta=01K89EWE5ZEMNGK6C8KDHPJAPA&hash=item1d8671df88:g:FRoAAOSwQ1RnTdIb&itmprp=enc%3AAQAKAAAA4FkggFvd1GGDu0w3yXCmi1ePaa9M5DMJ1xbZAzlMDSlrC40aokiCQhdyjUDb7fznQ5Yv8SknocSYgUk%2F1Heuh%2BgSOHFsu%2FlWfnN4xSCoT4eCboN0vBi4lJq0LWm7H2t8nms7Vv2EBKFoyOsW55yhkIlIlhrsmr8u5KGl2H0Vp9qtnJdpvVcg1wvBwqjJhNNJgGNpb3vhdLZIgJWDnpScP6R7wYem78Pp3q9rnoClWLOrCecY8tt4YNn9T8ixhdEZHRLxDdpKlpHAROfdAdSud0iuimkBwp3PpBISbZeQx2bh%7Ctkp%3ABk9SR9zj8a7CZg,Used,Intel Core i5-8365U,256GB,Intel UHD Graphics 620,,"14""",16GB,
"ASUS - Vivobook 14 14"" FHD Laptop - Intel Core i7 with 12GB Memory - 512GB SS...
Opens in a new window or tab",https://www.ebay.com/itm/326645188405?_skw=laptop&itmmeta=01K89EWE5Z7DEJK0EA9RXQATD6&hash=item4c0d920735:g:jb0AAeSw6lZo754j&itmprp=enc%3AAQAKAAAA4FkggFvd1GGDu0w3yXCmi1f345lI9%2FpPBE9a6olODFFF5HBytI9KxdAAV3rJt5UEsxk6am%2BumF%2BIyB7HV%2BNdiFFwJ82gqpX1baOGLuTUdl2F%2FEmv7pYLE%2BUlEsLzYAS9PTAvZjtzf2tMa%2FpkWORHY4R9lR6ogJJXgzDr3PictziyU%2FqB%2FHw5sPqEML0zsqST7SfiHpNG2rktYZiMvw3qSRjVG461GoW70R0FCqUDcDA9VKLxL07pFT%2BrKwE9oUE%2F024DkAFSyphoIW2TkW48o9lwUQuA3%2BhyPYiO55FY%2BPXE%7Ctkp%3ABk9SR9zj8a7CZg,"New: A brand-new, unused, unopened, undamaged item in its original packaging (where packaging is ... Read more
about the condition",Intel 13th Generation Core i7,512 gigabytes,Intel UHD Graphics,,14 inches,,
"HP Chromebook 11 G7 11.6"" Intel 2.60 GHz 4 GB RAM 32 GB eMMC Bluetooth Webcam SD
Opens in a new window or tab",https://www.ebay.com/itm/115603286837?_skw=laptop&itmmeta=01K89EWE5ZYG1P03EHKJ71EZ95&hash=item1aea7e2b35:g:JIkAAeSwEZho62Kv&itmprp=enc%3AAQAKAAAA4FkggFvd1GGDu0w3yXCmi1dWl9nAW7NNMdslwm%2BLe7atym0lwznHjaQyyDnhT4th3KQzpYGHnAe80vRnwKKwOegcE4GHsnq%2FUj6JNSVpQWyUqSUCesr59uL4dvFwz5LG3Tl%2FNeDHA6WDjpp60E%2BogX1E%2BmbfzoFJDsEZievzzr49ngy5N8Qnnqd7x%2FK91DkVIObRUUltR4hdxj%2FE32UgQat7eF%2FR0Ff%2B8v6ovk9%2Bc08qddC6jpVmiwtlc29dsVYVRBB3pIGRnzt5PI6ogpdUlj0PEyrZt0vLCsOlAWGkx5E5%7Ctkp%3ABk9SR9zj8a7CZg,Very Good - Refurbished,Intel Celeron,32 GB,Intel UHD Graphics 600,2020,11.6 in,4 GB,HP Chromebook 11 G7
"Acer Swift 3X 14"" Laptop Intel i5 2.4GHz 8GB RAM 512GB SSD Certified Refurbished
Opens in a new window or tab",https://www.ebay.com/itm/276709057939?_skw=laptop&epid=19046872809&itmmeta=01K89EWE5Z5WE0SDZE7N8XMGVC&hash=item406d252593:g:RboAAOSwMHloACOI&itmprp=enc%3AAQAKAAAA4FkggFvd1GGDu0w3yXCmi1dJi0hiVk3YrWYvfEXttkpMLUzA64h%2FQykRdhRMG7KTomZNBpep9mo4S2iIm43SBCVnsQ6DyYICpTNtOIoUHfISKycSR9fmTHEa4JcfsoMtg8CBT96a7eVspzS8kvJP2HT6wuZn7n2lv5j9FB7%2FAqxBSVIgB4ch6dlY7ntlHZ1s84hmhTG7nZ9JaXiPfKal0S55Qix6faE58eKvjdLxNKfO78u3u536Vp4gH12ZGbnm2%2BKBcmcc8Voz4KYkL0NzPiyVw7qSl2iVX%2BqcJptj%2Fyzd%7Ctkp%3ABk9SR9zj8a7CZg,Certified - Refurbished,Intel i5-1135G7,512 GB,Intel Iris Xe Graphics,,14 in,8 GB,Acer Swift 3
"NEW LISTINGLenovo Thinkpad T14 Gen 2 i5-1135g7 8gb RAM No SSD As is Laptop
Opens in a new window or tab",https://www.ebay.com/itm/336248643863?_skw=laptop&itmmeta=01K89EWE5Z8JQV2H1W657J93BB&hash=item4e49fb2117:g:X9sAAOSw9qFoVEZb&itmprp=enc%3AAQAKAAAAwFkggFvd1GGDu0w3yXCmi1eRJD2K6iJb0ApooZK5SvhJjbv%2BPfUJQ1CEHbU387htO6Oh39ACCx2QZszaXgurTgM1umdWrlr6P0IskGuxIVJdFctSiD5ZY4cwFqSgGJBTsa2q%2Bqc72Zn6U%2FWf15z0S9MHTgD%2BZuAUwXFKhTDh%2B1z3TE2yl1Iy15Q0euoLaOXX7983ntT5BGN9LzL8fuYXxAoYfy2vyJHbAuUIwMolgLhrvkK6A0S4t0RU7FiJhJgIWw%3D%3D%7Ctkp%3ABk9SR9zj8a7CZg,Used,Intel Core i5-1135G7,,,,14 in,8 GB,Lenovo ThinkPad T14
"Acer Aspire 3 15.6""Laptop AMD Ryzen3 2.4GHz 8GB 128GB SSD Certified Refurbished
Opens in a new window or tab",https://www.ebay.com/itm/256195038210?_skw=laptop&epid=10062450742&itmmeta=01K89EWE5Z9BQFDNC41EBD8AGH&hash=item3ba66a0c02:g:1mwAAOSwYKZnYJYg&itmprp=enc%3AAQAKAAAAwFkggFvd1GGDu0w3yXCmi1drdmKY1zfTquN9rNJCAX9DiiqSz6pMYqznyYwm4%2FdK7vCWbj0zfRSiqA%2FZslaZlFCSdqz98vXtYqRHsjcwATHDSy8IT2CzZakcdFD2tY5357YL3ydbGivgjI3tsdccgesfbu%2Bt%2BSVdKcwk30%2FrFVEyrx7amNLZc7d3SEKakoUpAgy8BUjYKFS67TeAIQRpwUVkSQ%2BaQEmvZ8yrQPPse%2BMyx%2BbbB8spm7wX9AWBirldpQ%3D%3D%7Ctkp%3ABk9SR9zj8a7CZg,Certified - Refurbished,AMD Ryzen 3 7320U 2.40GHz,128 GB,AMD Radeon 610M Graphics,,15.6 in,8 GB,Aspire 3 15
"Dell Latitude 14"" Business Laptop 4-Core i7 16GB RAM 256GB SSD Windows 11 Pro
Opens in a new window or tab",https://www.ebay.com/itm/256496543516?_skw=laptop&itmmeta=01K89EWE5ZQ2R5YMCV91Z70WW9&hash=item3bb862a71c:g:NOcAAeSwU95o7b0V&itmprp=enc%3AAQAKAAAAwFkggFvd1GGDu0w3yXCmi1eb5rVFUhvDekmSimzq1q0RIcnjJWDSIAYnD0xTVz5uH%2Fha3B%2F0DGVlW3Pb0JJN4Kwiv0gnxP%2FaY9daUrcNm2aG1ULSVTgJdBx6j%2BDKvPEXeOuJ%2FxdxYvtUG4FA%2Btn5lNB1Zi80K9hrHgyr5b9pUHhvu7zFzXjQvAY%2B0xfv23dsMfbyfcIYGDbMGM8nQXkUxHesSR0m3TQuz0KNZjA0eycqPUHE%2FiRz7cPzasIUu5PAwQ%3D%3D%7Ctkp%3ABk9SR97j8a7CZg,Good - Refurbished,Intel Core i7-1185G7,256 GB,Intel Iris Xe Graphics,2021,14 in,16 GB,Dell Latitude 5420
"14"" DELL Latitude Laptop: Intel i5! 8GB RAM! 256GB SSD! Zorin Core Edition!
Opens in a new window or tab",https://www.ebay.com/itm/116307146068?_skw=laptop&itmmeta=01K89EWE5ZCHQRZ3DASE08GB2W&hash=item1b14723554:g:So8AAeSw4HJob92x&itmprp=enc%3AAQAKAAAA4FkggFvd1GGDu0w3yXCmi1c2WtxLDpLb%2B7sbg%2BhPxJk1FYLjoxAZCB8iMKaL05k%2FJ4lKM3ThMxlgbvURioUfnEVBh7SUitq%2FpH0MTo7BBp565fnxISUsBgEfxMbT7zylNtgK3BeMl5Pr0p4MsqXa0Uv1sARggOcW3bkr1gE4zHdz4TTg%2F2dsMAr5gqJ7MfqUnIfHty7s11Av6IoYHDMSNvF02eJVdNfiS%2FKdMJ7VMnay0TEq80W0fd60g%2B5uLZpmWP2Yw8mkB3MfhMvYL6zUhpDY6D%2BiGALTKS7I0DLASeo%2B%7Ctkp%3ABk9SR97j8a7CZg,Good - Refurbished,Intel Core i5 5th Gen.,256 GB,Intel HD Graphics,,14 in,8 GB,Dell Latitude E5450
"Dell Latitude 5410 14"" FHD i7-10610U 32GB RAM 1TB NVMe SSD Win 11 Pro Laptop
Opens in a new window or tab",https://www.ebay.com/itm/286873103842?_skw=laptop&itmmeta=01K89EWE5ZH0QBJN13XS5WAXKV&hash=item42caf82de2:g:yRoAAeSwxT1o611b&itmprp=enc%3AAQAKAAAAwFkggFvd1GGDu0w3yXCmi1cbB2OE61dBoTT0eiWnARnKzRP%2F3C116wwwwDqepmNoCe0v98XxwIWl5xJ%2FcvtLUMGkjc99Vz5e6%2BV6EeP8nNfGTigcZYXodXINNSJ5ApoRxMKTUiRSRZK3bhmZdcMK67r%2BwP7P7n2m3TkkCRaFKBw%2F3PdjEUHUgRHLEQ1Q3mDRjoIydaR9tgk0l1eHWHSJRAZpaTMzNW%2BOLtMRzDN8LO68LnC8RuGaJjaK%2F1SfEnBRHA%3D%3D%7Ctkp%3ABk9SR97j8a7CZg,Open box,i7-10610U,1 TB,Intel UHD Graphics 620,,14 in,32 GB,Dell 5410
"15.6"" DELL Latitude Laptop: Intel i5! 16GB RAM! 512GB SSD! Zorin Core Edition!
Opens in a new window or tab",https://www.ebay.com/itm/114982554604?_skw=laptop&itmmeta=01K89EWE5ZS4A28Q0QNVK0TADC&hash=item1ac57e8bec:g:nw0AAeSwMS1oyZl~&itmprp=enc%3AAQAKAAAAwFkggFvd1GGDu0w3yXCmi1dawADB4u1Sp1l4dbS8T95Ro5tPNiLbM%2FjdqkVhUpK4V6FsK3z%2BWdFELXtSnrrfei%2FTXT6MvPsD92e%2B3DrgzfAvlh9ZnoCUh3J5bRbpOdOFCb61a%2F48T8eejA57XddqXu73qsO8lf1hLC%2FJQypJDWWt7RPtaX6Wr2qyGc7HDMp5ssxkBTkgE%2Bpj82SdFXsH8QwmV1SvzxadsGAF03jdMsfrvzeC7BJcsiqO%2BvGZKgyqIQ%3D%3D%7Ctkp%3ABk9SR97j8a7CZg,Good - Refurbished,Intel Core i5 4th Gen.,512 GB,Intel HD Graphics,,15.6 in,16 GB,Dell Latitude E5540
"NEW LISTINGLenovo Thinkbook 14s Yoga ITL 11th Gen Intel Core i7-1165G7 16GB Ram 512GB SSD
Opens in a new window or tab",https://www.ebay.com/itm/317454908794?_skw=laptop&itmmeta=01K89EWE5ZFP12KFYC3G2Z7P8G&hash=item49e9c97d7a:g:8gcAAeSwm25o-k6s&itmprp=enc%3AAQAKAAAAwFkggFvd1GGDu0w3yXCmi1cynU177a%2Bo9KZROJCWPMP0NW3xS%2FnPFdXP0OfHaEGHqPE%2FaFgfjDAaYy7eQiE2TNgo6%2FLSROln8ylbWKGYEpTOvVN29s56OZrta%2Fj1II55O10M40TssUd5pzPos%2BYEfVfaDEb0Hv8iWz177F5cqIpVTyZaTG4EXsUUB1Hyog7Lfc2joZOXLy2sCsbRfs6yh1hDiH3iUGLFbM4xn3xUn9NhCGdzwV7yBzr6AQoU6CflSA%3D%3D%7Ctkp%3ABk9SR97j8a7CZg,Used,Intel Core i7-1165G7,512 GB,,2021,14 in,16 GB,Lenovo 14s Yoga ITL
"NEW LISTINGHP Pavilion 16-af 16"" FHD Laptop, Ultra 7 155U, 16GB, 512GB, Windows 11
Opens in a new window or tab",https://www.ebay.com/itm/167880149237?_skw=laptop&itmmeta=01K89EWE5Z4GWMDAMXCWJP5YDM&hash=item27166fc8f5:g:-G0AAeSw0a9o-pkQ&itmprp=enc%3AAQAKAAAA4FkggFvd1GGDu0w3yXCmi1cNZdFeIwVoe7uE5m300LEjArHBnIjOnUvtqK3%2FhhmlagsMjhdpt%2B%2F36Ie0zagTJJXOPYQ6Bg2XxtYYiHEef67zU3gWN0mgy9%2F8EtKBb5Y3X7XHz0VDkwp5nKHUOdOuOhFqeyuUbXFr68yZ9N%2BV0eh5pTOTJiIKXucDcI%2BpVSZ0QJIVMpISHD9lOWD0UKzJXB2Upkf3%2BuQi1KtYD5GOEI0oVgNlNcayf9hRRBvZ0UH09Olo%2FFe9jhB2sAayFWI1SKsM8H%2BqKAXPnoh%2Fo6bqtbWr%7Ctkp%3ABk9SR97j8a7CZg,"Excellent - Refurbished: The item is in like-new condition, backed by a one year warranty. It has ... Read more
about the condition",Intel Core Ultra 7 155U,512,,,"16""",16GB,Pavilion 16-af0087nr
"Dell Laptop Latitude E5570 Windows 11 Intel Core i5 256GB SSD 8GB Webcam 15"" LCD
Opens in a new window or tab",https://www.ebay.com/itm/297636656127?_skw=laptop&itmmeta=01K89EWE5ZSVXZ8E239XZZY3P1&hash=item454c86f3ff:g:YfIAAeSwOdBo-ULp&itmprp=enc%3AAQAKAAAAwFkggFvd1GGDu0w3yXCmi1ek%2FAF61HtNN78PYRla8bRN3PJ2fabdqLNm%2FS0s3qtXgKJJVFFiGRnpqWRVqnrnwDEdXjRTHU5P1PzYZIIBRrUlyF7pCk4PTRfVoejHyJtm51y2GLSdGIge9Tkz1JWZpnmTmHm5KU%2FcqmD43ddkZWeNiP5y%2Bhp6PoglI5OBQDqYd7ofylUvBYdAoMGAHunl2rclvVSJM30J1zMF%2FzIjdRT%2FsTqIX7fRDgTuw6EuA%2FEa%2Fw%3D%3D%7Ctkp%3ABk9SR97j8a7CZg,Good - Refurbished,Intel Core i5 6th Gen.,256 GB,Intel Skylake Graphics,,15.6 in,8 GB,Dell Latitude E5570
"Dell laptop Latitude 7480 14"" i7 2.60GHz 16GB NEW 512GB SSD Win 10 Pro WIFI Cam
Opens in a new window or tab",https://www.ebay.com/itm/225285020534?_skw=laptop&itmmeta=01K89EWE606V1FT75K6EKX0H3H&hash=item3474089b76:g:gpcAAOSwYtdjRzIM&itmprp=enc%3AAQAKAAAAwFkggFvd1GGDu0w3yXCmi1fcCJTtPjMN8AJbPtVkQtcqL%2B6kff7t5PotRwBZi4ijBrbG%2B6ax1ORUP8taHungTlvE%2BksEokVtRndNWxSxJ%2FRklaiRBVJsh%2F79rkHmHcGj%2FSW65hIBjGTSvkhhDHQntLRN9NrKNc57qJUMilKFRs8dUdcoPhqTsrcjBqdO0RCBkAVGYo2OCpSgbDOboyhwiQHm6Zmwy8BRPOKoeCZK0SXNVUQZSks%2FKLRi8s5%2B7VYRDQ%3D%3D%7Ctkp%3ABk9SR97j8a7CZg,"Excellent - Refurbished: The item is in like-new condition, backed by a one year warranty. It has ... Read more
about the condition",i7 7th,500 GB,,,14 in,16 GB,Dell Latitude 7480
"2025 15.6"" Windows 11 Pro Laptop Computer Intel Core i7 8500Y 16GB 1TB Laptops
Opens in a new window or tab",https://www.ebay.com/itm/286892337998?_skw=laptop&itmmeta=01K89EWE60KFKZBD7ENAEZY92Z&hash=item42cc1dab4e:g:TBMAAeSw7Qlo-RPk&itmprp=enc%3AAQAKAAAAwFkggFvd1GGDu0w3yXCmi1cd168PNfeHfiNJszXmf2xM2WnOZcNxzjF992gfGW8AX4HVQDt4RWK9e3YeShmt46sNKHze7IAC4xMm7BWkQfj0AOG6Jnuv1MOUh%2B7p6Y64BsCmdoLur2TrO%2BEXA%2BOpPcTQXy3gpeb28PUWXSxra8DPUNSj8O85wSEDPvpd1Pyly%2BO9WmPzPuGPczQ6Re9%2FTDG9%2F%2B%2Ffjk46nhmD%2FJR4pUjR6Tx3E3liz18n28wgFSNbGA%3D%3D%7Ctkp%3ABlBMUN7j8a7CZg,"New: A brand-new, unused, unopened, undamaged item in its original packaging (where packaging is ... Read more
about the condition",Intel Core i7 8500Y,1 TB,Intel UHD Graphics,2025,15.6 in,16 GB,2025
"Dell Latitude 15"" Laptop Computer Intel i5 Up To 32GB RAM 1TB SSD Windows 11 Pro
Opens in a new window or tab",https://www.ebay.com/itm/286865561827?_skw=laptop&itmmeta=01K89EWE603ZJTX5WPN0QXNF2K&hash=item42ca8518e3:g:S1QAAeSwHSho5Yar&itmprp=enc%3AAQAKAAAAwFkggFvd1GGDu0w3yXCmi1fu3eEckABBgg1%2B%2FzMFZel94w26tfRIPNJg02EM21FiabIWau%2Fa3IoQObOJ%2F3nDgrsGgRzMI9lc%2BDbuG%2FQAsIzpezgo6Inj3HVCLvgtAPGf2BIK%2FLJyH1gn99L8vENeJ4BgHb8kmzHJYyTWmsY1NytK4KEbN83%2FZnXbhWOAmSfcY%2BbTqasu%2B03zpTGWKIPjcgKgM9TU%2FG1fMQvmiAqpgNhiOJf1gUP7IvTeFmcFKc8Cpw%3D%3D%7Ctkp%3ABlBMUN7j8a7CZg,Good - Refurbished,Intel Core i5-1250P,1 TB,Intel Iris Xe Graphics,2023,15 in,64 GB,Dell Latitude 5530
